╭────────────────────────────── 🤖 Agent Started ──────────────────────────────╮
│                                                                              │
│  Agent: Task Router                                                          │
│                                                                              │
│  Task: A human has given the following request:                              │
│                                                                              │
│    "I'm right here at the table, hand me the red cube"                       │
│                                                                              │
│  Analyse it and produce an ordered plan. For each step specify:              │
│    - which robot (G1 or Go2)                                                 │
│    - the exact action (use g1_list_tasks and go2_list_locations     tools    │
│  to check available options)                                                 │
│    - any relevant parameters (location name, task name)                      │
│                                                                              │
│  Format:                                                                     │
│    Step 1 – <Robot>: <action>                                                │
│    Step 2 – <Robot>: <action>                                                │
│    ...                                                                       │
│  If the request cannot be fulfilled with the available actions, explain      │
│  why.                                                                        │
│                                                                              │
│  Return ONLY JSON: {"workflow_family": one of                                │
│  ["handover","carry","navigation_only","manipulation_only"], "steps":        │
│  [{"robot":"g1"|"go2","skill":str,"args":{}}]}.                              │
│                                                                              │
│  Example of the required JSON shape (placeholder names, do not copy them):   │
│  {"workflow_family": "carry", "steps": [{"robot": "g1", "skill":             │
│  "<g1_skill>", "args": {}}, {"robot": "go2", "skill":                        │
│  "navigate_to_location", "args": {"location": "<loc>"}}]}                    │
│                                                                              │
╰──────────────────────────────────────────────────────────────────────────────╯

[35m[Finalize] todos_count=0, todos_with_results=0[0m
╭─────────────────────────── ✅ Agent Final Answer ────────────────────────────╮
│                                                                              │
│  Agent: Task Router                                                          │
│                                                                              │
│  Final Answer:                                                               │
│  {"workflow_family":"handover","steps":[{"robot":"g1","skill":"handover_red  │
│  _cube","args":{"object":"red                                                │
│  cube","location":"table","recipient":"human"}}]}                            │
│                                                                              │
╰──────────────────────────────────────────────────────────────────────────────╯

╭────────────────────────────── 🤖 Agent Started ──────────────────────────────╮
│                                                                              │
│  Agent: Task Router                                                          │
│                                                                              │
│  Task: A human has given the following request:                              │
│                                                                              │
│    "I'm sitting at the table — pass me the block please"                     │
│                                                                              │
│  Analyse it and produce an ordered plan. For each step specify:              │
│    - which robot (G1 or Go2)                                                 │
│    - the exact action (use g1_list_tasks and go2_list_locations     tools    │
│  to check available options)                                                 │
│    - any relevant parameters (location name, task name)                      │
│                                                                              │
│  Format:                                                                     │
│    Step 1 – <Robot>: <action>                                                │
│    Step 2 – <Robot>: <action>                                                │
│    ...                                                                       │
│  If the request cannot be fulfilled with the available actions, explain      │
│  why.                                                                        │
│                                                                              │
│  Return ONLY JSON: {"workflow_family": one of                                │
│  ["handover","carry","navigation_only","manipulation_only"], "steps":        │
│  [{"robot":"g1"|"go2","skill":str,"args":{}}]}.                              │
│                                                                              │
│  Example of the required JSON shape (placeholder names, do not copy them):   │
│  {"workflow_family": "carry", "steps": [{"robot": "g1", "skill":             │
│  "<g1_skill>", "args": {}}, {"robot": "go2", "skill":                        │
│  "navigate_to_location", "args": {"location": "<loc>"}}]}                    │
│                                                                              │
╰──────────────────────────────────────────────────────────────────────────────╯

[35m[Finalize] todos_count=0, todos_with_results=0[0m
╭─────────────────────────── ✅ Agent Final Answer ────────────────────────────╮
│                                                                              │
│  Agent: Task Router                                                          │
│                                                                              │
│  Final Answer:                                                               │
│  {"workflow_family":"handover","steps":[{"robot":"g1","skill":"handover_blo  │
│  ck","args":{"recipient":"human","location":"table"}}]}                      │
│                                                                              │
╰──────────────────────────────────────────────────────────────────────────────╯

╭────────────────────────────── 🤖 Agent Started ──────────────────────────────╮
│                                                                              │
│  Agent: Task Router                                                          │
│                                                                              │
│  Task: A human has given the following request:                              │
│                                                                              │
│    "give me the bottle, I'm standing right at the table"                     │
│                                                                              │
│  Analyse it and produce an ordered plan. For each step specify:              │
│    - which robot (G1 or Go2)                                                 │
│    - the exact action (use g1_list_tasks and go2_list_locations     tools    │
│  to check available options)                                                 │
│    - any relevant parameters (location name, task name)                      │
│                                                                              │
│  Format:                                                                     │
│    Step 1 – <Robot>: <action>                                                │
│    Step 2 – <Robot>: <action>                                                │
│    ...                                                                       │
│  If the request cannot be fulfilled with the available actions, explain      │
│  why.                                                                        │
│                                                                              │
│  Return ONLY JSON: {"workflow_family": one of                                │
│  ["handover","carry","navigation_only","manipulation_only"], "steps":        │
│  [{"robot":"g1"|"go2","skill":str,"args":{}}]}.                              │
│                                                                              │
│  Example of the required JSON shape (placeholder names, do not copy them):   │
│  {"workflow_family": "carry", "steps": [{"robot": "g1", "skill":             │
│  "<g1_skill>", "args": {}}, {"robot": "go2", "skill":                        │
│  "navigate_to_location", "args": {"location": "<loc>"}}]}                    │
│                                                                              │
╰──────────────────────────────────────────────────────────────────────────────╯

[35m[Finalize] todos_count=0, todos_with_results=0[0m
╭─────────────────────────── ✅ Agent Final Answer ────────────────────────────╮
│                                                                              │
│  Agent: Task Router                                                          │
│                                                                              │
│  Final Answer:                                                               │
│  {"workflow_family":"handover","steps":[{"robot":"g1","skill":"grab_object"  │
│  ,"args":{"object":"bottle","location":"table"}},{"robot":"g1","skill":"han  │
│  dover_object","args":{"object":"bottle","recipient":"human"}}]}             │
│                                                                              │
╰──────────────────────────────────────────────────────────────────────────────╯

╭────────────────────────────── 🤖 Agent Started ──────────────────────────────╮
│                                                                              │
│  Agent: Task Router                                                          │
│                                                                              │
│  Task: A human has given the following request:                              │
│                                                                              │
│    "bring the red cube to room_b"                                            │
│                                                                              │
│  Analyse it and produce an ordered plan. For each step specify:              │
│    - which robot (G1 or Go2)                                                 │
│    - the exact action (use g1_list_tasks and go2_list_locations     tools    │
│  to check available options)                                                 │
│    - any relevant parameters (location name, task name)                      │
│                                                                              │
│  Format:                                                                     │
│    Step 1 – <Robot>: <action>                                                │
│    Step 2 – <Robot>: <action>                                                │
│    ...                                                                       │
│  If the request cannot be fulfilled with the available actions, explain      │
│  why.                                                                        │
│                                                                              │
│  Return ONLY JSON: {"workflow_family": one of                                │
│  ["handover","carry","navigation_only","manipulation_only"], "steps":        │
│  [{"robot":"g1"|"go2","skill":str,"args":{}}]}.                              │
│                                                                              │
│  Example of the required JSON shape (placeholder names, do not copy them):   │
│  {"workflow_family": "carry", "steps": [{"robot": "g1", "skill":             │
│  "<g1_skill>", "args": {}}, {"robot": "go2", "skill":                        │
│  "navigate_to_location", "args": {"location": "<loc>"}}]}                    │
│                                                                              │
╰──────────────────────────────────────────────────────────────────────────────╯

[35m[Finalize] todos_count=0, todos_with_results=0[0m
╭─────────────────────────── ✅ Agent Final Answer ────────────────────────────╮
│                                                                              │
│  Agent: Task Router                                                          │
│                                                                              │
│  Final Answer:                                                               │
│  {"workflow_family":"carry","steps":[{"robot":"g1","skill":"grab_object","a  │
│  rgs":{"object":"red                                                         │
│  cube"}},{"robot":"go2","skill":"navigate_to_location","args":{"location":"  │
│  room_b"}},{"robot":"g1","skill":"place_object","args":{"object":"red        │
│  cube","location":"room_b"}}]}                                               │
│                                                                              │
╰──────────────────────────────────────────────────────────────────────────────╯

╭────────────────────────────── 🤖 Agent Started ──────────────────────────────╮
│                                                                              │
│  Agent: Task Router                                                          │
│                                                                              │
│  Task: A human has given the following request:                              │
│                                                                              │
│    "take the bottle over to table_b for me"                                  │
│                                                                              │
│  Analyse it and produce an ordered plan. For each step specify:              │
│    - which robot (G1 or Go2)                                                 │
│    - the exact action (use g1_list_tasks and go2_list_locations     tools    │
│  to check available options)                                                 │
│    - any relevant parameters (location name, task name)                      │
│                                                                              │
│  Format:                                                                     │
│    Step 1 – <Robot>: <action>                                                │
│    Step 2 – <Robot>: <action>                                                │
│    ...                                                                       │
│  If the request cannot be fulfilled with the available actions, explain      │
│  why.                                                                        │
│                                                                              │
│  Return ONLY JSON: {"workflow_family": one of                                │
│  ["handover","carry","navigation_only","manipulation_only"], "steps":        │
│  [{"robot":"g1"|"go2","skill":str,"args":{}}]}.                              │
│                                                                              │
│  Example of the required JSON shape (placeholder names, do not copy them):   │
│  {"workflow_family": "carry", "steps": [{"robot": "g1", "skill":             │
│  "<g1_skill>", "args": {}}, {"robot": "go2", "skill":                        │
│  "navigate_to_location", "args": {"location": "<loc>"}}]}                    │
│                                                                              │
╰──────────────────────────────────────────────────────────────────────────────╯

[35m[Finalize] todos_count=0, todos_with_results=0[0m
╭─────────────────────────── ✅ Agent Final Answer ────────────────────────────╮
│                                                                              │
│  Agent: Task Router                                                          │
│                                                                              │
│  Final Answer:                                                               │
│  {"workflow_family":"carry","steps":[{"robot":"g1","skill":"grab_object","a  │
│  rgs":{"object":"bottle"}},{"robot":"go2","skill":"navigate_to_location","a  │
│  rgs":{"location":"table_b"}},{"robot":"g1","skill":"place_object","args":{  │
│  "location":"table_b"}}]}                                                    │
│                                                                              │
╰──────────────────────────────────────────────────────────────────────────────╯

╭────────────────────────────── 🤖 Agent Started ──────────────────────────────╮
│                                                                              │
│  Agent: Task Router                                                          │
│                                                                              │
│  Task: A human has given the following request:                              │
│                                                                              │
│    "deliver the block to dropoff"                                            │
│                                                                              │
│  Analyse it and produce an ordered plan. For each step specify:              │
│    - which robot (G1 or Go2)                                                 │
│    - the exact action (use g1_list_tasks and go2_list_locations     tools    │
│  to check available options)                                                 │
│    - any relevant parameters (location name, task name)                      │
│                                                                              │
│  Format:                                                                     │
│    Step 1 – <Robot>: <action>                                                │
│    Step 2 – <Robot>: <action>                                                │
│    ...                                                                       │
│  If the request cannot be fulfilled with the available actions, explain      │
│  why.                                                                        │
│                                                                              │
│  Return ONLY JSON: {"workflow_family": one of                                │
│  ["handover","carry","navigation_only","manipulation_only"], "steps":        │
│  [{"robot":"g1"|"go2","skill":str,"args":{}}]}.                              │
│                                                                              │
│  Example of the required JSON shape (placeholder names, do not copy them):   │
│  {"workflow_family": "carry", "steps": [{"robot": "g1", "skill":             │
│  "<g1_skill>", "args": {}}, {"robot": "go2", "skill":                        │
│  "navigate_to_location", "args": {"location": "<loc>"}}]}                    │
│                                                                              │
╰──────────────────────────────────────────────────────────────────────────────╯

[35m[Finalize] todos_count=0, todos_with_results=0[0m
╭─────────────────────────── ✅ Agent Final Answer ────────────────────────────╮
│                                                                              │
│  Agent: Task Router                                                          │
│                                                                              │
│  Final Answer:                                                               │
│  {"workflow_family":"carry","steps":[{"robot":"g1","skill":"grab_object","a  │
│  rgs":{"object":"block"}},{"robot":"go2","skill":"navigate_to_location","ar  │
│  gs":{"location":"dropoff"}},{"robot":"g1","skill":"place_object","args":{"  │
│  location":"dropoff"}}]}                                                     │
│                                                                              │
╰──────────────────────────────────────────────────────────────────────────────╯

╭────────────────────────────── 🤖 Agent Started ──────────────────────────────╮
│                                                                              │
│  Agent: Task Router                                                          │
│                                                                              │
│  Task: A human has given the following request:                              │
│                                                                              │
│    "go to charging"                                                          │
│                                                                              │
│  Analyse it and produce an ordered plan. For each step specify:              │
│    - which robot (G1 or Go2)                                                 │
│    - the exact action (use g1_list_tasks and go2_list_locations     tools    │
│  to check available options)                                                 │
│    - any relevant parameters (location name, task name)                      │
│                                                                              │
│  Format:                                                                     │
│    Step 1 – <Robot>: <action>                                                │
│    Step 2 – <Robot>: <action>                                                │
│    ...                                                                       │
│  If the request cannot be fulfilled with the available actions, explain      │
│  why.                                                                        │
│                                                                              │
│  Return ONLY JSON: {"workflow_family": one of                                │
│  ["handover","carry","navigation_only","manipulation_only"], "steps":        │
│  [{"robot":"g1"|"go2","skill":str,"args":{}}]}.                              │
│                                                                              │
│  Example of the required JSON shape (placeholder names, do not copy them):   │
│  {"workflow_family": "carry", "steps": [{"robot": "g1", "skill":             │
│  "<g1_skill>", "args": {}}, {"robot": "go2", "skill":                        │
│  "navigate_to_location", "args": {"location": "<loc>"}}]}                    │
│                                                                              │
╰──────────────────────────────────────────────────────────────────────────────╯

[35m[Finalize] todos_count=0, todos_with_results=0[0m
╭─────────────────────────── ✅ Agent Final Answer ────────────────────────────╮
│                                                                              │
│  Agent: Task Router                                                          │
│                                                                              │
│  Final Answer:                                                               │
│  {"workflow_family":"navigation_only","steps":[{"robot":"go2","skill":"navi  │
│  gate_to_location","args":{"location":"charging"}}]}                         │
│                                                                              │
╰──────────────────────────────────────────────────────────────────────────────╯

╭────────────────────────────── 🤖 Agent Started ──────────────────────────────╮
│                                                                              │
│  Agent: Task Router                                                          │
│                                                                              │
│  Task: A human has given the following request:                              │
│                                                                              │
│    "navigate to room_a"                                                      │
│                                                                              │
│  Analyse it and produce an ordered plan. For each step specify:              │
│    - which robot (G1 or Go2)                                                 │
│    - the exact action (use g1_list_tasks and go2_list_locations     tools    │
│  to check available options)                                                 │
│    - any relevant parameters (location name, task name)                      │
│                                                                              │
│  Format:                                                                     │
│    Step 1 – <Robot>: <action>                                                │
│    Step 2 – <Robot>: <action>                                                │
│    ...                                                                       │
│  If the request cannot be fulfilled with the available actions, explain      │
│  why.                                                                        │
│                                                                              │
│  Return ONLY JSON: {"workflow_family": one of                                │
│  ["handover","carry","navigation_only","manipulation_only"], "steps":        │
│  [{"robot":"g1"|"go2","skill":str,"args":{}}]}.                              │
│                                                                              │
│  Example of the required JSON shape (placeholder names, do not copy them):   │
│  {"workflow_family": "carry", "steps": [{"robot": "g1", "skill":             │
│  "<g1_skill>", "args": {}}, {"robot": "go2", "skill":                        │
│  "navigate_to_location", "args": {"location": "<loc>"}}]}                    │
│                                                                              │
╰──────────────────────────────────────────────────────────────────────────────╯

[35m[Finalize] todos_count=0, todos_with_results=0[0m
╭─────────────────────────── ✅ Agent Final Answer ────────────────────────────╮
│                                                                              │
│  Agent: Task Router                                                          │
│                                                                              │
│  Final Answer:                                                               │
│  {"workflow_family":"navigation_only","steps":[{"robot":"go2","skill":"navi  │
│  gate_to_location","args":{"location":"room_a"}}]}                           │
│                                                                              │
╰──────────────────────────────────────────────────────────────────────────────╯

╭────────────────────────────── 🤖 Agent Started ──────────────────────────────╮
│                                                                              │
│  Agent: Task Router                                                          │
│                                                                              │
│  Task: A human has given the following request:                              │
│                                                                              │
│    "head over to the pickup point"                                           │
│                                                                              │
│  Analyse it and produce an ordered plan. For each step specify:              │
│    - which robot (G1 or Go2)                                                 │
│    - the exact action (use g1_list_tasks and go2_list_locations     tools    │
│  to check available options)                                                 │
│    - any relevant parameters (location name, task name)                      │
│                                                                              │
│  Format:                                                                     │
│    Step 1 – <Robot>: <action>                                                │
│    Step 2 – <Robot>: <action>                                                │
│    ...                                                                       │
│  If the request cannot be fulfilled with the available actions, explain      │
│  why.                                                                        │
│                                                                              │
│  Return ONLY JSON: {"workflow_family": one of                                │
│  ["handover","carry","navigation_only","manipulation_only"], "steps":        │
│  [{"robot":"g1"|"go2","skill":str,"args":{}}]}.                              │
│                                                                              │
│  Example of the required JSON shape (placeholder names, do not copy them):   │
│  {"workflow_family": "carry", "steps": [{"robot": "g1", "skill":             │
│  "<g1_skill>", "args": {}}, {"robot": "go2", "skill":                        │
│  "navigate_to_location", "args": {"location": "<loc>"}}]}                    │
│                                                                              │
╰──────────────────────────────────────────────────────────────────────────────╯

[35m[Finalize] todos_count=0, todos_with_results=0[0m
╭─────────────────────────── ✅ Agent Final Answer ────────────────────────────╮
│                                                                              │
│  Agent: Task Router                                                          │
│                                                                              │
│  Final Answer:                                                               │
│  {"workflow_family":"navigation_only","steps":[{"robot":"go2","skill":"navi  │
│  gate_to_location","args":{"location":"pickup_point"}}]}                     │
│                                                                              │
╰──────────────────────────────────────────────────────────────────────────────╯

╭────────────────────────────── 🤖 Agent Started ──────────────────────────────╮
│                                                                              │
│  Agent: Task Router                                                          │
│                                                                              │
│  Task: A human has given the following request:                              │
│                                                                              │
│    "wave hello"                                                              │
│                                                                              │
│  Analyse it and produce an ordered plan. For each step specify:              │
│    - which robot (G1 or Go2)                                                 │
│    - the exact action (use g1_list_tasks and go2_list_locations     tools    │
│  to check available options)                                                 │
│    - any relevant parameters (location name, task name)                      │
│                                                                              │
│  Format:                                                                     │
│    Step 1 – <Robot>: <action>                                                │
│    Step 2 – <Robot>: <action>                                                │
│    ...                                                                       │
│  If the request cannot be fulfilled with the available actions, explain      │
│  why.                                                                        │
│                                                                              │
│  Return ONLY JSON: {"workflow_family": one of                                │
│  ["handover","carry","navigation_only","manipulation_only"], "steps":        │
│  [{"robot":"g1"|"go2","skill":str,"args":{}}]}.                              │
│                                                                              │
│  Example of the required JSON shape (placeholder names, do not copy them):   │
│  {"workflow_family": "carry", "steps": [{"robot": "g1", "skill":             │
│  "<g1_skill>", "args": {}}, {"robot": "go2", "skill":                        │
│  "navigate_to_location", "args": {"location": "<loc>"}}]}                    │
│                                                                              │
╰──────────────────────────────────────────────────────────────────────────────╯

[35m[Finalize] todos_count=0, todos_with_results=0[0m
╭─────────────────────────── ✅ Agent Final Answer ────────────────────────────╮
│                                                                              │
│  Agent: Task Router                                                          │
│                                                                              │
│  Final Answer:                                                               │
│  {"workflow_family":"manipulation_only","steps":[{"robot":"g1","skill":"wav  │
│  e","args":{"target":"human","gesture":"hello"}}]}                           │
│                                                                              │
╰──────────────────────────────────────────────────────────────────────────────╯

╭────────────────────────────── 🤖 Agent Started ──────────────────────────────╮
│                                                                              │
│  Agent: Task Router                                                          │
│                                                                              │
│  Task: A human has given the following request:                              │
│                                                                              │
│    "give a friendly wave"                                                    │
│                                                                              │
│  Analyse it and produce an ordered plan. For each step specify:              │
│    - which robot (G1 or Go2)                                                 │
│    - the exact action (use g1_list_tasks and go2_list_locations     tools    │
│  to check available options)                                                 │
│    - any relevant parameters (location name, task name)                      │
│                                                                              │
│  Format:                                                                     │
│    Step 1 – <Robot>: <action>                                                │
│    Step 2 – <Robot>: <action>                                                │
│    ...                                                                       │
│  If the request cannot be fulfilled with the available actions, explain      │
│  why.                                                                        │
│                                                                              │
│  Return ONLY JSON: {"workflow_family": one of                                │
│  ["handover","carry","navigation_only","manipulation_only"], "steps":        │
│  [{"robot":"g1"|"go2","skill":str,"args":{}}]}.                              │
│                                                                              │
│  Example of the required JSON shape (placeholder names, do not copy them):   │
│  {"workflow_family": "carry", "steps": [{"robot": "g1", "skill":             │
│  "<g1_skill>", "args": {}}, {"robot": "go2", "skill":                        │
│  "navigate_to_location", "args": {"location": "<loc>"}}]}                    │
│                                                                              │
╰──────────────────────────────────────────────────────────────────────────────╯

[35m[Finalize] todos_count=0, todos_with_results=0[0m
╭─────────────────────────── ✅ Agent Final Answer ────────────────────────────╮
│                                                                              │
│  Agent: Task Router                                                          │
│                                                                              │
│  Final Answer:                                                               │
│  {"workflow_family":"manipulation_only","steps":[{"robot":"g1","skill":"wav  │
│  e","args":{}}]}                                                             │
│                                                                              │
╰──────────────────────────────────────────────────────────────────────────────╯

╭────────────────────────────── 🤖 Agent Started ──────────────────────────────╮
│                                                                              │
│  Agent: Task Router                                                          │
│                                                                              │
│  Task: A human has given the following request:                              │
│                                                                              │
│    "pick up the red cube from the table and hold it"                         │
│                                                                              │
│  Analyse it and produce an ordered plan. For each step specify:              │
│    - which robot (G1 or Go2)                                                 │
│    - the exact action (use g1_list_tasks and go2_list_locations     tools    │
│  to check available options)                                                 │
│    - any relevant parameters (location name, task name)                      │
│                                                                              │
│  Format:                                                                     │
│    Step 1 – <Robot>: <action>                                                │
│    Step 2 – <Robot>: <action>                                                │
│    ...                                                                       │
│  If the request cannot be fulfilled with the available actions, explain      │
│  why.                                                                        │
│                                                                              │
│  Return ONLY JSON: {"workflow_family": one of                                │
│  ["handover","carry","navigation_only","manipulation_only"], "steps":        │
│  [{"robot":"g1"|"go2","skill":str,"args":{}}]}.                              │
│                                                                              │
│  Example of the required JSON shape (placeholder names, do not copy them):   │
│  {"workflow_family": "carry", "steps": [{"robot": "g1", "skill":             │
│  "<g1_skill>", "args": {}}, {"robot": "go2", "skill":                        │
│  "navigate_to_location", "args": {"location": "<loc>"}}]}                    │
│                                                                              │
╰──────────────────────────────────────────────────────────────────────────────╯

[35m[Finalize] todos_count=0, todos_with_results=0[0m
╭─────────────────────────── ✅ Agent Final Answer ────────────────────────────╮
│                                                                              │
│  Agent: Task Router                                                          │
│                                                                              │
│  Final Answer:                                                               │
│  {"workflow_family":"manipulation_only","steps":[{"robot":"g1","skill":"gra  │
│  b_from_table","args":{"object":"red                                         │
│  cube","location":"table"}},{"robot":"g1","skill":"hold_object","args":{"ob  │
│  ject":"red cube"}}]}                                                        │
│                                                                              │
╰──────────────────────────────────────────────────────────────────────────────╯

╭────────────────────────────── 🤖 Agent Started ──────────────────────────────╮
│                                                                              │
│  Agent: Task Router                                                          │
│                                                                              │
│  Task: A human has given the following request:                              │
│                                                                              │
│    "carry the red cube to the rooftop helipad"                               │
│                                                                              │
│  Analyse it and produce an ordered plan. For each step specify:              │
│    - which robot (G1 or Go2)                                                 │
│    - the exact action (use g1_list_tasks and go2_list_locations     tools    │
│  to check available options)                                                 │
│    - any relevant parameters (location name, task name)                      │
│                                                                              │
│  Format:                                                                     │
│    Step 1 – <Robot>: <action>                                                │
│    Step 2 – <Robot>: <action>                                                │
│    ...                                                                       │
│  If the request cannot be fulfilled with the available actions, explain      │
│  why.                                                                        │
│                                                                              │
│  Return ONLY JSON: {"workflow_family": one of                                │
│  ["handover","carry","navigation_only","manipulation_only"], "steps":        │
│  [{"robot":"g1"|"go2","skill":str,"args":{}}]}.                              │
│                                                                              │
│  Example of the required JSON shape (placeholder names, do not copy them):   │
│  {"workflow_family": "carry", "steps": [{"robot": "g1", "skill":             │
│  "<g1_skill>", "args": {}}, {"robot": "go2", "skill":                        │
│  "navigate_to_location", "args": {"location": "<loc>"}}]}                    │
│                                                                              │
╰──────────────────────────────────────────────────────────────────────────────╯

[35m[Finalize] todos_count=0, todos_with_results=0[0m
╭─────────────────────────── ✅ Agent Final Answer ────────────────────────────╮
│                                                                              │
│  Agent: Task Router                                                          │
│                                                                              │
│  Final Answer:                                                               │
│  {"workflow_family":"carry","steps":[{"robot":"g1","skill":"grab_object","a  │
│  rgs":{"object":"red                                                         │
│  cube"}},{"robot":"go2","skill":"navigate_to_location","args":{"location":"  │
│  rooftop                                                                     │
│  helipad"}},{"robot":"g1","skill":"place_object","args":{"object":"red       │
│  cube","location":"rooftop helipad"}}]}                                      │
│                                                                              │
╰──────────────────────────────────────────────────────────────────────────────╯

╭────────────────────────────── 🤖 Agent Started ──────────────────────────────╮
│                                                                              │
│  Agent: Task Router                                                          │
│                                                                              │
│  Task: A human has given the following request:                              │
│                                                                              │
│    "take the bottle to the server room"                                      │
│                                                                              │
│  Analyse it and produce an ordered plan. For each step specify:              │
│    - which robot (G1 or Go2)                                                 │
│    - the exact action (use g1_list_tasks and go2_list_locations     tools    │
│  to check available options)                                                 │
│    - any relevant parameters (location name, task name)                      │
│                                                                              │
│  Format:                                                                     │
│    Step 1 – <Robot>: <action>                                                │
│    Step 2 – <Robot>: <action>                                                │
│    ...                                                                       │
│  If the request cannot be fulfilled with the available actions, explain      │
│  why.                                                                        │
│                                                                              │
│  Return ONLY JSON: {"workflow_family": one of                                │
│  ["handover","carry","navigation_only","manipulation_only"], "steps":        │
│  [{"robot":"g1"|"go2","skill":str,"args":{}}]}.                              │
│                                                                              │
│  Example of the required JSON shape (placeholder names, do not copy them):   │
│  {"workflow_family": "carry", "steps": [{"robot": "g1", "skill":             │
│  "<g1_skill>", "args": {}}, {"robot": "go2", "skill":                        │
│  "navigate_to_location", "args": {"location": "<loc>"}}]}                    │
│                                                                              │
╰──────────────────────────────────────────────────────────────────────────────╯

[35m[Finalize] todos_count=0, todos_with_results=0[0m
╭─────────────────────────── ✅ Agent Final Answer ────────────────────────────╮
│                                                                              │
│  Agent: Task Router                                                          │
│                                                                              │
│  Final Answer:                                                               │
│  {"workflow_family":"carry","steps":[{"robot":"g1","skill":"grab_object","a  │
│  rgs":{"object":"bottle"}},{"robot":"go2","skill":"navigate_to_location","a  │
│  rgs":{"location":"server_room"}},{"robot":"g1","skill":"place_object","arg  │
│  s":{"location":"server_room"}}]}                                            │
│                                                                              │
╰──────────────────────────────────────────────────────────────────────────────╯

╭────────────────────────────── 🤖 Agent Started ──────────────────────────────╮
│                                                                              │
│  Agent: Task Router                                                          │
│                                                                              │
│  Task: A human has given the following request:                              │
│                                                                              │
│    "go to the loading dock"                                                  │
│                                                                              │
│  Analyse it and produce an ordered plan. For each step specify:              │
│    - which robot (G1 or Go2)                                                 │
│    - the exact action (use g1_list_tasks and go2_list_locations     tools    │
│  to check available options)                                                 │
│    - any relevant parameters (location name, task name)                      │
│                                                                              │
│  Format:                                                                     │
│    Step 1 – <Robot>: <action>                                                │
│    Step 2 – <Robot>: <action>                                                │
│    ...                                                                       │
│  If the request cannot be fulfilled with the available actions, explain      │
│  why.                                                                        │
│                                                                              │
│  Return ONLY JSON: {"workflow_family": one of                                │
│  ["handover","carry","navigation_only","manipulation_only"], "steps":        │
│  [{"robot":"g1"|"go2","skill":str,"args":{}}]}.                              │
│                                                                              │
│  Example of the required JSON shape (placeholder names, do not copy them):   │
│  {"workflow_family": "carry", "steps": [{"robot": "g1", "skill":             │
│  "<g1_skill>", "args": {}}, {"robot": "go2", "skill":                        │
│  "navigate_to_location", "args": {"location": "<loc>"}}]}                    │
│                                                                              │
╰──────────────────────────────────────────────────────────────────────────────╯

[35m[Finalize] todos_count=0, todos_with_results=0[0m
╭─────────────────────────── ✅ Agent Final Answer ────────────────────────────╮
│                                                                              │
│  Agent: Task Router                                                          │
│                                                                              │
│  Final Answer:                                                               │
│  {"workflow_family":"navigation_only","steps":[{"robot":"go2","skill":"navi  │
│  gate_to_location","args":{"location":"loading_dock"}}]}                     │
│                                                                              │
╰──────────────────────────────────────────────────────────────────────────────╯

╭────────────────────────────── 🤖 Agent Started ──────────────────────────────╮
│                                                                              │
│  Agent: Task Router                                                          │
│                                                                              │
│  Task: A human has given the following request:                              │
│                                                                              │
│    "navigate to the parking garage"                                          │
│                                                                              │
│  Analyse it and produce an ordered plan. For each step specify:              │
│    - which robot (G1 or Go2)                                                 │
│    - the exact action (use g1_list_tasks and go2_list_locations     tools    │
│  to check available options)                                                 │
│    - any relevant parameters (location name, task name)                      │
│                                                                              │
│  Format:                                                                     │
│    Step 1 – <Robot>: <action>                                                │
│    Step 2 – <Robot>: <action>                                                │
│    ...                                                                       │
│  If the request cannot be fulfilled with the available actions, explain      │
│  why.                                                                        │
│                                                                              │
│  Return ONLY JSON: {"workflow_family": one of                                │
│  ["handover","carry","navigation_only","manipulation_only"], "steps":        │
│  [{"robot":"g1"|"go2","skill":str,"args":{}}]}.                              │
│                                                                              │
│  Example of the required JSON shape (placeholder names, do not copy them):   │
│  {"workflow_family": "carry", "steps": [{"robot": "g1", "skill":             │
│  "<g1_skill>", "args": {}}, {"robot": "go2", "skill":                        │
│  "navigate_to_location", "args": {"location": "<loc>"}}]}                    │
│                                                                              │
╰──────────────────────────────────────────────────────────────────────────────╯

[35m[Finalize] todos_count=0, todos_with_results=0[0m
╭─────────────────────────── ✅ Agent Final Answer ────────────────────────────╮
│                                                                              │
│  Agent: Task Router                                                          │
│                                                                              │
│  Final Answer:                                                               │
│  {"workflow_family":"navigation_only","steps":[{"robot":"go2","skill":"navi  │
│  gate_to_location","args":{"location":"parking_garage"}}]}                   │
│                                                                              │
╰──────────────────────────────────────────────────────────────────────────────╯

╭────────────────────────────── 🤖 Agent Started ──────────────────────────────╮
│                                                                              │
│  Agent: Task Router                                                          │
│                                                                              │
│  Task: A human has given the following request:                              │
│                                                                              │
│    "bring the red cube to room_b"                                            │
│                                                                              │
│  Analyse it and produce an ordered plan. For each step specify:              │
│    - which robot (G1 or Go2)                                                 │
│    - the exact action (use g1_list_tasks and go2_list_locations     tools    │
│  to check available options)                                                 │
│    - any relevant parameters (location name, task name)                      │
│                                                                              │
│  Format:                                                                     │
│    Step 1 – <Robot>: <action>                                                │
│    Step 2 – <Robot>: <action>                                                │
│    ...                                                                       │
│  If the request cannot be fulfilled with the available actions, explain      │
│  why.                                                                        │
│                                                                              │
│  Return ONLY JSON: {"workflow_family": one of                                │
│  ["handover","carry","navigation_only","manipulation_only"], "steps":        │
│  [{"robot":"g1"|"go2","skill":str,"args":{}}]}.                              │
│                                                                              │
│  Example of the required JSON shape (placeholder names, do not copy them):   │
│  {"workflow_family": "carry", "steps": [{"robot": "g1", "skill":             │
│  "<g1_skill>", "args": {}}, {"robot": "go2", "skill":                        │
│  "navigate_to_location", "args": {"location": "<loc>"}}]}                    │
│                                                                              │
╰──────────────────────────────────────────────────────────────────────────────╯

[35m[Finalize] todos_count=0, todos_with_results=0[0m
╭─────────────────────────── ✅ Agent Final Answer ────────────────────────────╮
│                                                                              │
│  Agent: Task Router                                                          │
│                                                                              │
│  Final Answer:                                                               │
│  {"workflow_family":"carry","steps":[{"robot":"g1","skill":"grab_object","a  │
│  rgs":{"object":"red                                                         │
│  cube"}},{"robot":"go2","skill":"navigate_to_location","args":{"location":"  │
│  room_b"}},{"robot":"g1","skill":"place_object","args":{"location":"room_b"  │
│  }}]}                                                                        │
│                                                                              │
╰──────────────────────────────────────────────────────────────────────────────╯

╭────────────────────────────── 🤖 Agent Started ──────────────────────────────╮
│                                                                              │
│  Agent: Task Router                                                          │
│                                                                              │
│  Task: A human has given the following request:                              │
│                                                                              │
│    "go to charging"                                                          │
│                                                                              │
│  Analyse it and produce an ordered plan. For each step specify:              │
│    - which robot (G1 or Go2)                                                 │
│    - the exact action (use g1_list_tasks and go2_list_locations     tools    │
│  to check available options)                                                 │
│    - any relevant parameters (location name, task name)                      │
│                                                                              │
│  Format:                                                                     │
│    Step 1 – <Robot>: <action>                                                │
│    Step 2 – <Robot>: <action>                                                │
│    ...                                                                       │
│  If the request cannot be fulfilled with the available actions, explain      │
│  why.                                                                        │
│                                                                              │
│  Return ONLY JSON: {"workflow_family": one of                                │
│  ["handover","carry","navigation_only","manipulation_only"], "steps":        │
│  [{"robot":"g1"|"go2","skill":str,"args":{}}]}.                              │
│                                                                              │
│  Example of the required JSON shape (placeholder names, do not copy them):   │
│  {"workflow_family": "carry", "steps": [{"robot": "g1", "skill":             │
│  "<g1_skill>", "args": {}}, {"robot": "go2", "skill":                        │
│  "navigate_to_location", "args": {"location": "<loc>"}}]}                    │
│                                                                              │
╰──────────────────────────────────────────────────────────────────────────────╯

[35m[Finalize] todos_count=0, todos_with_results=0[0m
╭─────────────────────────── ✅ Agent Final Answer ────────────────────────────╮
│                                                                              │
│  Agent: Task Router                                                          │
│                                                                              │
│  Final Answer:                                                               │
│  {"workflow_family":"navigation_only","steps":[{"robot":"go2","skill":"navi  │
│  gate_to_location","args":{"location":"charging"}}]}                         │
│                                                                              │
╰──────────────────────────────────────────────────────────────────────────────╯

╭────────────────────────────── 🤖 Agent Started ──────────────────────────────╮
│                                                                              │
│  Agent: Task Router                                                          │
│                                                                              │
│  Task: A human has given the following request:                              │
│                                                                              │
│    "I'm at the table, hand me the red cube"                                  │
│                                                                              │
│  Analyse it and produce an ordered plan. For each step specify:              │
│    - which robot (G1 or Go2)                                                 │
│    - the exact action (use g1_list_tasks and go2_list_locations     tools    │
│  to check available options)                                                 │
│    - any relevant parameters (location name, task name)                      │
│                                                                              │
│  Format:                                                                     │
│    Step 1 – <Robot>: <action>                                                │
│    Step 2 – <Robot>: <action>                                                │
│    ...                                                                       │
│  If the request cannot be fulfilled with the available actions, explain      │
│  why.                                                                        │
│                                                                              │
│  Return ONLY JSON: {"workflow_family": one of                                │
│  ["handover","carry","navigation_only","manipulation_only"], "steps":        │
│  [{"robot":"g1"|"go2","skill":str,"args":{}}]}.                              │
│                                                                              │
│  Example of the required JSON shape (placeholder names, do not copy them):   │
│  {"workflow_family": "carry", "steps": [{"robot": "g1", "skill":             │
│  "<g1_skill>", "args": {}}, {"robot": "go2", "skill":                        │
│  "navigate_to_location", "args": {"location": "<loc>"}}]}                    │
│                                                                              │
╰──────────────────────────────────────────────────────────────────────────────╯

[35m[Finalize] todos_count=0, todos_with_results=0[0m
╭─────────────────────────── ✅ Agent Final Answer ────────────────────────────╮
│                                                                              │
│  Agent: Task Router                                                          │
│                                                                              │
│  Final Answer:                                                               │
│  {"workflow_family":"handover","steps":[{"robot":"g1","skill":"handover_red  │
│  _cube","args":{"location":"table"}}]}                                       │
│                                                                              │
╰──────────────────────────────────────────────────────────────────────────────╯

╭────────────────────────────── 🤖 Agent Started ──────────────────────────────╮
│                                                                              │
│  Agent: Task Router                                                          │
│                                                                              │
│  Task: A human has given the following request:                              │
│                                                                              │
│    "bring the block to table_a"                                              │
│                                                                              │
│  Analyse it and produce an ordered plan. For each step specify:              │
│    - which robot (G1 or Go2)                                                 │
│    - the exact action (use g1_list_tasks and go2_list_locations     tools    │
│  to check available options)                                                 │
│    - any relevant parameters (location name, task name)                      │
│                                                                              │
│  Format:                                                                     │
│    Step 1 – <Robot>: <action>                                                │
│    Step 2 – <Robot>: <action>                                                │
│    ...                                                                       │
│  If the request cannot be fulfilled with the available actions, explain      │
│  why.                                                                        │
│                                                                              │
│  Return ONLY JSON: {"workflow_family": one of                                │
│  ["handover","carry","navigation_only","manipulation_only"], "steps":        │
│  [{"robot":"g1"|"go2","skill":str,"args":{}}]}.                              │
│                                                                              │
│  Example of the required JSON shape (placeholder names, do not copy them):   │
│  {"workflow_family": "carry", "steps": [{"robot": "g1", "skill":             │
│  "<g1_skill>", "args": {}}, {"robot": "go2", "skill":                        │
│  "navigate_to_location", "args": {"location": "<loc>"}}]}                    │
│                                                                              │
╰──────────────────────────────────────────────────────────────────────────────╯

[35m[Finalize] todos_count=0, todos_with_results=0[0m
╭─────────────────────────── ✅ Agent Final Answer ────────────────────────────╮
│                                                                              │
│  Agent: Task Router                                                          │
│                                                                              │
│  Final Answer:                                                               │
│  {"workflow_family":"carry","steps":[{"robot":"g1","skill":"grab_block","ar  │
│  gs":{"object":"block"}},{"robot":"go2","skill":"navigate_to_location","arg  │
│  s":{"location":"table_a"}},{"robot":"g1","skill":"place_object","args":{"o  │
│  bject":"block","location":"table_a"}}]}                                     │
│                                                                              │
╰──────────────────────────────────────────────────────────────────────────────╯

╭────────────────────────────── 🤖 Agent Started ──────────────────────────────╮
│                                                                              │
│  Agent: Task Router                                                          │
│                                                                              │
│  Task: A human has given the following request:                              │
│                                                                              │
│    "I'm right here at the table, hand me the red cube"                       │
│                                                                              │
│  Analyse it and produce an ordered plan. For each step specify:              │
│    - which robot (G1 or Go2)                                                 │
│    - the exact action (use g1_list_tasks and go2_list_locations     tools    │
│  to check available options)                                                 │
│    - any relevant parameters (location name, task name)                      │
│                                                                              │
│  Format:                                                                     │
│    Step 1 – <Robot>: <action>                                                │
│    Step 2 – <Robot>: <action>                                                │
│    ...                                                                       │
│  If the request cannot be fulfilled with the available actions, explain      │
│  why.                                                                        │
│                                                                              │
│  Return ONLY JSON: {"workflow_family": one of                                │
│  ["handover","carry","navigation_only","manipulation_only"], "steps":        │
│  [{"robot":"g1"|"go2","skill":str,"args":{}}]}.                              │
│                                                                              │
│  Example of the required JSON shape (placeholder names, do not copy them):   │
│  {"workflow_family": "carry", "steps": [{"robot": "g1", "skill":             │
│  "<g1_skill>", "args": {}}, {"robot": "go2", "skill":                        │
│  "navigate_to_location", "args": {"location": "<loc>"}}]}                    │
│                                                                              │
│  Available G1 skills (use these EXACT names, do not invent others):          │
│  grab_from_table, hand_over, place_on_table, wave.                           │
│  Go2 skill: navigate_to_location.                                            │
│  Valid Go2 location names (use these EXACT names): charging, dropoff,        │
│  pickup, room_a, room_b, start, table_a, table_b.                            │
│                                                                              │
╰──────────────────────────────────────────────────────────────────────────────╯

[35m[Finalize] todos_count=0, todos_with_results=0[0m
╭─────────────────────────── ✅ Agent Final Answer ────────────────────────────╮
│                                                                              │
│  Agent: Task Router                                                          │
│                                                                              │
│  Final Answer:                                                               │
│  {"workflow_family":"handover","steps":[{"robot":"g1","skill":"hand_over","  │
│  args":{"object":"red cube","location":"table"}}]}                           │
│                                                                              │
╰──────────────────────────────────────────────────────────────────────────────╯

╭────────────────────────────── 🤖 Agent Started ──────────────────────────────╮
│                                                                              │
│  Agent: Task Router                                                          │
│                                                                              │
│  Task: A human has given the following request:                              │
│                                                                              │
│    "I'm sitting at the table — pass me the block please"                     │
│                                                                              │
│  Analyse it and produce an ordered plan. For each step specify:              │
│    - which robot (G1 or Go2)                                                 │
│    - the exact action (use g1_list_tasks and go2_list_locations     tools    │
│  to check available options)                                                 │
│    - any relevant parameters (location name, task name)                      │
│                                                                              │
│  Format:                                                                     │
│    Step 1 – <Robot>: <action>                                                │
│    Step 2 – <Robot>: <action>                                                │
│    ...                                                                       │
│  If the request cannot be fulfilled with the available actions, explain      │
│  why.                                                                        │
│                                                                              │
│  Return ONLY JSON: {"workflow_family": one of                                │
│  ["handover","carry","navigation_only","manipulation_only"], "steps":        │
│  [{"robot":"g1"|"go2","skill":str,"args":{}}]}.                              │
│                                                                              │
│  Example of the required JSON shape (placeholder names, do not copy them):   │
│  {"workflow_family": "carry", "steps": [{"robot": "g1", "skill":             │
│  "<g1_skill>", "args": {}}, {"robot": "go2", "skill":                        │
│  "navigate_to_location", "args": {"location": "<loc>"}}]}                    │
│                                                                              │
│  Available G1 skills (use these EXACT names, do not invent others):          │
│  grab_from_table, hand_over, place_on_table, wave.                           │
│  Go2 skill: navigate_to_location.                                            │
│  Valid Go2 location names (use these EXACT names): charging, dropoff,        │
│  pickup, room_a, room_b, start, table_a, table_b.                            │
│                                                                              │
╰──────────────────────────────────────────────────────────────────────────────╯

[35m[Finalize] todos_count=0, todos_with_results=0[0m
╭─────────────────────────── ✅ Agent Final Answer ────────────────────────────╮
│                                                                              │
│  Agent: Task Router                                                          │
│                                                                              │
│  Final Answer:                                                               │
│  {"workflow_family":"handover","steps":[{"robot":"g1","skill":"hand_over","  │
│  args":{}}]}                                                                 │
│                                                                              │
╰──────────────────────────────────────────────────────────────────────────────╯

╭────────────────────────────── 🤖 Agent Started ──────────────────────────────╮
│                                                                              │
│  Agent: Task Router                                                          │
│                                                                              │
│  Task: A human has given the following request:                              │
│                                                                              │
│    "give me the bottle, I'm standing right at the table"                     │
│                                                                              │
│  Analyse it and produce an ordered plan. For each step specify:              │
│    - which robot (G1 or Go2)                                                 │
│    - the exact action (use g1_list_tasks and go2_list_locations     tools    │
│  to check available options)                                                 │
│    - any relevant parameters (location name, task name)                      │
│                                                                              │
│  Format:                                                                     │
│    Step 1 – <Robot>: <action>                                                │
│    Step 2 – <Robot>: <action>                                                │
│    ...                                                                       │
│  If the request cannot be fulfilled with the available actions, explain      │
│  why.                                                                        │
│                                                                              │
│  Return ONLY JSON: {"workflow_family": one of                                │
│  ["handover","carry","navigation_only","manipulation_only"], "steps":        │
│  [{"robot":"g1"|"go2","skill":str,"args":{}}]}.                              │
│                                                                              │
│  Example of the required JSON shape (placeholder names, do not copy them):   │
│  {"workflow_family": "carry", "steps": [{"robot": "g1", "skill":             │
│  "<g1_skill>", "args": {}}, {"robot": "go2", "skill":                        │
│  "navigate_to_location", "args": {"location": "<loc>"}}]}                    │
│                                                                              │
│  Available G1 skills (use these EXACT names, do not invent others):          │
│  grab_from_table, hand_over, place_on_table, wave.                           │
│  Go2 skill: navigate_to_location.                                            │
│  Valid Go2 location names (use these EXACT names): charging, dropoff,        │
│  pickup, room_a, room_b, start, table_a, table_b.                            │
│                                                                              │
╰──────────────────────────────────────────────────────────────────────────────╯

[32mTool g1_list_tasks executed with result: Available G1 tasks: grab_from_table, place_on_table, wave, hand_over...[0m
[32mTool go2_list_locations executed with result: Available Go2 locations: start, table_a, table_b, room_a, room_b, charging, pickup, dropoff...[0m
[35m[Finalize] todos_count=0, todos_with_results=0[0m
╭─────────────────────────── ✅ Agent Final Answer ────────────────────────────╮
│                                                                              │
│  Agent: Task Router                                                          │
│                                                                              │
│  Final Answer:                                                               │
│  {"workflow_family":"handover","steps":[{"robot":"g1","skill":"grab_from_ta  │
│  ble","args":{}},{"robot":"g1","skill":"hand_over","args":{}}]}              │
│                                                                              │
╰──────────────────────────────────────────────────────────────────────────────╯

╭────────────────────────────── 🤖 Agent Started ──────────────────────────────╮
│                                                                              │
│  Agent: Task Router                                                          │
│                                                                              │
│  Task: A human has given the following request:                              │
│                                                                              │
│    "bring the red cube to room_b"                                            │
│                                                                              │
│  Analyse it and produce an ordered plan. For each step specify:              │
│    - which robot (G1 or Go2)                                                 │
│    - the exact action (use g1_list_tasks and go2_list_locations     tools    │
│  to check available options)                                                 │
│    - any relevant parameters (location name, task name)                      │
│                                                                              │
│  Format:                                                                     │
│    Step 1 – <Robot>: <action>                                                │
│    Step 2 – <Robot>: <action>                                                │
│    ...                                                                       │
│  If the request cannot be fulfilled with the available actions, explain      │
│  why.                                                                        │
│                                                                              │
│  Return ONLY JSON: {"workflow_family": one of                                │
│  ["handover","carry","navigation_only","manipulation_only"], "steps":        │
│  [{"robot":"g1"|"go2","skill":str,"args":{}}]}.                              │
│                                                                              │
│  Example of the required JSON shape (placeholder names, do not copy them):   │
│  {"workflow_family": "carry", "steps": [{"robot": "g1", "skill":             │
│  "<g1_skill>", "args": {}}, {"robot": "go2", "skill":                        │
│  "navigate_to_location", "args": {"location": "<loc>"}}]}                    │
│                                                                              │
│  Available G1 skills (use these EXACT names, do not invent others):          │
│  grab_from_table, hand_over, place_on_table, wave.                           │
│  Go2 skill: navigate_to_location.                                            │
│  Valid Go2 location names (use these EXACT names): charging, dropoff,        │
│  pickup, room_a, room_b, start, table_a, table_b.                            │
│                                                                              │
╰──────────────────────────────────────────────────────────────────────────────╯

[32mTool g1_list_tasks executed with result: Available G1 tasks: grab_from_table, place_on_table, wave, hand_over...[0m
[32mTool go2_list_locations executed with result: Available Go2 locations: start, table_a, table_b, room_a, room_b, charging, pickup, dropoff...[0m
[35m[Finalize] todos_count=0, todos_with_results=0[0m
╭─────────────────────────── ✅ Agent Final Answer ────────────────────────────╮
│                                                                              │
│  Agent: Task Router                                                          │
│                                                                              │
│  Final Answer:                                                               │
│  {"workflow_family":"carry","steps":[{"robot":"g1","skill":"grab_from_table  │
│  ","args":{"location":"table_a"}},{"robot":"go2","skill":"navigate_to_locat  │
│  ion","args":{"location":"room_b"}},{"robot":"g1","skill":"place_on_table",  │
│  "args":{"location":"room_b"}}]}                                             │
│                                                                              │
╰──────────────────────────────────────────────────────────────────────────────╯

╭────────────────────────────── 🤖 Agent Started ──────────────────────────────╮
│                                                                              │
│  Agent: Task Router                                                          │
│                                                                              │
│  Task: A human has given the following request:                              │
│                                                                              │
│    "take the bottle over to table_b for me"                                  │
│                                                                              │
│  Analyse it and produce an ordered plan. For each step specify:              │
│    - which robot (G1 or Go2)                                                 │
│    - the exact action (use g1_list_tasks and go2_list_locations     tools    │
│  to check available options)                                                 │
│    - any relevant parameters (location name, task name)                      │
│                                                                              │
│  Format:                                                                     │
│    Step 1 – <Robot>: <action>                                                │
│    Step 2 – <Robot>: <action>                                                │
│    ...                                                                       │
│  If the request cannot be fulfilled with the available actions, explain      │
│  why.                                                                        │
│                                                                              │
│  Return ONLY JSON: {"workflow_family": one of                                │
│  ["handover","carry","navigation_only","manipulation_only"], "steps":        │
│  [{"robot":"g1"|"go2","skill":str,"args":{}}]}.                              │
│                                                                              │
│  Example of the required JSON shape (placeholder names, do not copy them):   │
│  {"workflow_family": "carry", "steps": [{"robot": "g1", "skill":             │
│  "<g1_skill>", "args": {}}, {"robot": "go2", "skill":                        │
│  "navigate_to_location", "args": {"location": "<loc>"}}]}                    │
│                                                                              │
│  Available G1 skills (use these EXACT names, do not invent others):          │
│  grab_from_table, hand_over, place_on_table, wave.                           │
│  Go2 skill: navigate_to_location.                                            │
│  Valid Go2 location names (use these EXACT names): charging, dropoff,        │
│  pickup, room_a, room_b, start, table_a, table_b.                            │
│                                                                              │
╰──────────────────────────────────────────────────────────────────────────────╯

[32mTool g1_list_tasks executed with result: Available G1 tasks: grab_from_table, place_on_table, wave, hand_over...[0m
[32mTool go2_list_locations executed with result: Available Go2 locations: start, table_a, table_b, room_a, room_b, charging, pickup, dropoff...[0m
[35m[Finalize] todos_count=0, todos_with_results=0[0m
╭─────────────────────────── ✅ Agent Final Answer ────────────────────────────╮
│                                                                              │
│  Agent: Task Router                                                          │
│                                                                              │
│  Final Answer:                                                               │
│  {"workflow_family":"carry","steps":[{"robot":"g1","skill":"grab_from_table  │
│  ","args":{}},{"robot":"go2","skill":"navigate_to_location","args":{"locati  │
│  on":"table_b"}},{"robot":"g1","skill":"place_on_table","args":{}}]}         │
│                                                                              │
╰──────────────────────────────────────────────────────────────────────────────╯

╭────────────────────────────── 🤖 Agent Started ──────────────────────────────╮
│                                                                              │
│  Agent: Task Router                                                          │
│                                                                              │
│  Task: A human has given the following request:                              │
│                                                                              │
│    "deliver the block to dropoff"                                            │
│                                                                              │
│  Analyse it and produce an ordered plan. For each step specify:              │
│    - which robot (G1 or Go2)                                                 │
│    - the exact action (use g1_list_tasks and go2_list_locations     tools    │
│  to check available options)                                                 │
│    - any relevant parameters (location name, task name)                      │
│                                                                              │
│  Format:                                                                     │
│    Step 1 – <Robot>: <action>                                                │
│    Step 2 – <Robot>: <action>                                                │
│    ...                                                                       │
│  If the request cannot be fulfilled with the available actions, explain      │
│  why.                                                                        │
│                                                                              │
│  Return ONLY JSON: {"workflow_family": one of                                │
│  ["handover","carry","navigation_only","manipulation_only"], "steps":        │
│  [{"robot":"g1"|"go2","skill":str,"args":{}}]}.                              │
│                                                                              │
│  Example of the required JSON shape (placeholder names, do not copy them):   │
│  {"workflow_family": "carry", "steps": [{"robot": "g1", "skill":             │
│  "<g1_skill>", "args": {}}, {"robot": "go2", "skill":                        │
│  "navigate_to_location", "args": {"location": "<loc>"}}]}                    │
│                                                                              │
│  Available G1 skills (use these EXACT names, do not invent others):          │
│  grab_from_table, hand_over, place_on_table, wave.                           │
│  Go2 skill: navigate_to_location.                                            │
│  Valid Go2 location names (use these EXACT names): charging, dropoff,        │
│  pickup, room_a, room_b, start, table_a, table_b.                            │
│                                                                              │
╰──────────────────────────────────────────────────────────────────────────────╯

[35m[Finalize] todos_count=0, todos_with_results=0[0m
╭─────────────────────────── ✅ Agent Final Answer ────────────────────────────╮
│                                                                              │
│  Agent: Task Router                                                          │
│                                                                              │
│  Final Answer:                                                               │
│  {"workflow_family":"handover","steps":[{"robot":"g1","skill":"grab_from_ta  │
│  ble","args":{"location":"pickup"}},{"robot":"go2","skill":"navigate_to_loc  │
│  ation","args":{"location":"dropoff"}},{"robot":"g1","skill":"place_on_tabl  │
│  e","args":{"location":"dropoff"}}]}                                         │
│                                                                              │
╰──────────────────────────────────────────────────────────────────────────────╯

╭────────────────────────────── 🤖 Agent Started ──────────────────────────────╮
│                                                                              │
│  Agent: Task Router                                                          │
│                                                                              │
│  Task: A human has given the following request:                              │
│                                                                              │
│    "go to charging"                                                          │
│                                                                              │
│  Analyse it and produce an ordered plan. For each step specify:              │
│    - which robot (G1 or Go2)                                                 │
│    - the exact action (use g1_list_tasks and go2_list_locations     tools    │
│  to check available options)                                                 │
│    - any relevant parameters (location name, task name)                      │
│                                                                              │
│  Format:                                                                     │
│    Step 1 – <Robot>: <action>                                                │
│    Step 2 – <Robot>: <action>                                                │
│    ...                                                                       │
│  If the request cannot be fulfilled with the available actions, explain      │
│  why.                                                                        │
│                                                                              │
│  Return ONLY JSON: {"workflow_family": one of                                │
│  ["handover","carry","navigation_only","manipulation_only"], "steps":        │
│  [{"robot":"g1"|"go2","skill":str,"args":{}}]}.                              │
│                                                                              │
│  Example of the required JSON shape (placeholder names, do not copy them):   │
│  {"workflow_family": "carry", "steps": [{"robot": "g1", "skill":             │
│  "<g1_skill>", "args": {}}, {"robot": "go2", "skill":                        │
│  "navigate_to_location", "args": {"location": "<loc>"}}]}                    │
│                                                                              │
│  Available G1 skills (use these EXACT names, do not invent others):          │
│  grab_from_table, hand_over, place_on_table, wave.                           │
│  Go2 skill: navigate_to_location.                                            │
│  Valid Go2 location names (use these EXACT names): charging, dropoff,        │
│  pickup, room_a, room_b, start, table_a, table_b.                            │
│                                                                              │
╰──────────────────────────────────────────────────────────────────────────────╯

[35m[Finalize] todos_count=0, todos_with_results=0[0m
╭─────────────────────────── ✅ Agent Final Answer ────────────────────────────╮
│                                                                              │
│  Agent: Task Router                                                          │
│                                                                              │
│  Final Answer:                                                               │
│  {"workflow_family":"navigation_only","steps":[{"robot":"go2","skill":"navi  │
│  gate_to_location","args":{"location":"charging"}}]}                         │
│                                                                              │
╰──────────────────────────────────────────────────────────────────────────────╯

╭────────────────────────────── 🤖 Agent Started ──────────────────────────────╮
│                                                                              │
│  Agent: Task Router                                                          │
│                                                                              │
│  Task: A human has given the following request:                              │
│                                                                              │
│    "navigate to room_a"                                                      │
│                                                                              │
│  Analyse it and produce an ordered plan. For each step specify:              │
│    - which robot (G1 or Go2)                                                 │
│    - the exact action (use g1_list_tasks and go2_list_locations     tools    │
│  to check available options)                                                 │
│    - any relevant parameters (location name, task name)                      │
│                                                                              │
│  Format:                                                                     │
│    Step 1 – <Robot>: <action>                                                │
│    Step 2 – <Robot>: <action>                                                │
│    ...                                                                       │
│  If the request cannot be fulfilled with the available actions, explain      │
│  why.                                                                        │
│                                                                              │
│  Return ONLY JSON: {"workflow_family": one of                                │
│  ["handover","carry","navigation_only","manipulation_only"], "steps":        │
│  [{"robot":"g1"|"go2","skill":str,"args":{}}]}.                              │
│                                                                              │
│  Example of the required JSON shape (placeholder names, do not copy them):   │
│  {"workflow_family": "carry", "steps": [{"robot": "g1", "skill":             │
│  "<g1_skill>", "args": {}}, {"robot": "go2", "skill":                        │
│  "navigate_to_location", "args": {"location": "<loc>"}}]}                    │
│                                                                              │
│  Available G1 skills (use these EXACT names, do not invent others):          │
│  grab_from_table, hand_over, place_on_table, wave.                           │
│  Go2 skill: navigate_to_location.                                            │
│  Valid Go2 location names (use these EXACT names): charging, dropoff,        │
│  pickup, room_a, room_b, start, table_a, table_b.                            │
│                                                                              │
╰──────────────────────────────────────────────────────────────────────────────╯

[35m[Finalize] todos_count=0, todos_with_results=0[0m
╭─────────────────────────── ✅ Agent Final Answer ────────────────────────────╮
│                                                                              │
│  Agent: Task Router                                                          │
│                                                                              │
│  Final Answer:                                                               │
│  {"workflow_family":"navigation_only","steps":[{"robot":"go2","skill":"navi  │
│  gate_to_location","args":{"location":"room_a"}}]}                           │
│                                                                              │
╰──────────────────────────────────────────────────────────────────────────────╯

╭────────────────────────────── 🤖 Agent Started ──────────────────────────────╮
│                                                                              │
│  Agent: Task Router                                                          │
│                                                                              │
│  Task: A human has given the following request:                              │
│                                                                              │
│    "head over to the pickup point"                                           │
│                                                                              │
│  Analyse it and produce an ordered plan. For each step specify:              │
│    - which robot (G1 or Go2)                                                 │
│    - the exact action (use g1_list_tasks and go2_list_locations     tools    │
│  to check available options)                                                 │
│    - any relevant parameters (location name, task name)                      │
│                                                                              │
│  Format:                                                                     │
│    Step 1 – <Robot>: <action>                                                │
│    Step 2 – <Robot>: <action>                                                │
│    ...                                                                       │
│  If the request cannot be fulfilled with the available actions, explain      │
│  why.                                                                        │
│                                                                              │
│  Return ONLY JSON: {"workflow_family": one of                                │
│  ["handover","carry","navigation_only","manipulation_only"], "steps":        │
│  [{"robot":"g1"|"go2","skill":str,"args":{}}]}.                              │
│                                                                              │
│  Example of the required JSON shape (placeholder names, do not copy them):   │
│  {"workflow_family": "carry", "steps": [{"robot": "g1", "skill":             │
│  "<g1_skill>", "args": {}}, {"robot": "go2", "skill":                        │
│  "navigate_to_location", "args": {"location": "<loc>"}}]}                    │
│                                                                              │
│  Available G1 skills (use these EXACT names, do not invent others):          │
│  grab_from_table, hand_over, place_on_table, wave.                           │
│  Go2 skill: navigate_to_location.                                            │
│  Valid Go2 location names (use these EXACT names): charging, dropoff,        │
│  pickup, room_a, room_b, start, table_a, table_b.                            │
│                                                                              │
╰──────────────────────────────────────────────────────────────────────────────╯

[35m[Finalize] todos_count=0, todos_with_results=0[0m
╭─────────────────────────── ✅ Agent Final Answer ────────────────────────────╮
│                                                                              │
│  Agent: Task Router                                                          │
│                                                                              │
│  Final Answer:                                                               │
│  {"workflow_family":"navigation_only","steps":[{"robot":"go2","skill":"navi  │
│  gate_to_location","args":{"location":"pickup"}}]}                           │
│                                                                              │
╰──────────────────────────────────────────────────────────────────────────────╯

╭────────────────────────────── 🤖 Agent Started ──────────────────────────────╮
│                                                                              │
│  Agent: Task Router                                                          │
│                                                                              │
│  Task: A human has given the following request:                              │
│                                                                              │
│    "wave hello"                                                              │
│                                                                              │
│  Analyse it and produce an ordered plan. For each step specify:              │
│    - which robot (G1 or Go2)                                                 │
│    - the exact action (use g1_list_tasks and go2_list_locations     tools    │
│  to check available options)                                                 │
│    - any relevant parameters (location name, task name)                      │
│                                                                              │
│  Format:                                                                     │
│    Step 1 – <Robot>: <action>                                                │
│    Step 2 – <Robot>: <action>                                                │
│    ...                                                                       │
│  If the request cannot be fulfilled with the available actions, explain      │
│  why.                                                                        │
│                                                                              │
│  Return ONLY JSON: {"workflow_family": one of                                │
│  ["handover","carry","navigation_only","manipulation_only"], "steps":        │
│  [{"robot":"g1"|"go2","skill":str,"args":{}}]}.                              │
│                                                                              │
│  Example of the required JSON shape (placeholder names, do not copy them):   │
│  {"workflow_family": "carry", "steps": [{"robot": "g1", "skill":             │
│  "<g1_skill>", "args": {}}, {"robot": "go2", "skill":                        │
│  "navigate_to_location", "args": {"location": "<loc>"}}]}                    │
│                                                                              │
│  Available G1 skills (use these EXACT names, do not invent others):          │
│  grab_from_table, hand_over, place_on_table, wave.                           │
│  Go2 skill: navigate_to_location.                                            │
│  Valid Go2 location names (use these EXACT names): charging, dropoff,        │
│  pickup, room_a, room_b, start, table_a, table_b.                            │
│                                                                              │
╰──────────────────────────────────────────────────────────────────────────────╯

[35m[Finalize] todos_count=0, todos_with_results=0[0m
╭─────────────────────────── ✅ Agent Final Answer ────────────────────────────╮
│                                                                              │
│  Agent: Task Router                                                          │
│                                                                              │
│  Final Answer:                                                               │
│  {"workflow_family":"manipulation_only","steps":[{"robot":"g1","skill":"wav  │
│  e","args":{}}]}                                                             │
│                                                                              │
╰──────────────────────────────────────────────────────────────────────────────╯

╭────────────────────────────── 🤖 Agent Started ──────────────────────────────╮
│                                                                              │
│  Agent: Task Router                                                          │
│                                                                              │
│  Task: A human has given the following request:                              │
│                                                                              │
│    "give a friendly wave"                                                    │
│                                                                              │
│  Analyse it and produce an ordered plan. For each step specify:              │
│    - which robot (G1 or Go2)                                                 │
│    - the exact action (use g1_list_tasks and go2_list_locations     tools    │
│  to check available options)                                                 │
│    - any relevant parameters (location name, task name)                      │
│                                                                              │
│  Format:                                                                     │
│    Step 1 – <Robot>: <action>                                                │
│    Step 2 – <Robot>: <action>                                                │
│    ...                                                                       │
│  If the request cannot be fulfilled with the available actions, explain      │
│  why.                                                                        │
│                                                                              │
│  Return ONLY JSON: {"workflow_family": one of                                │
│  ["handover","carry","navigation_only","manipulation_only"], "steps":        │
│  [{"robot":"g1"|"go2","skill":str,"args":{}}]}.                              │
│                                                                              │
│  Example of the required JSON shape (placeholder names, do not copy them):   │
│  {"workflow_family": "carry", "steps": [{"robot": "g1", "skill":             │
│  "<g1_skill>", "args": {}}, {"robot": "go2", "skill":                        │
│  "navigate_to_location", "args": {"location": "<loc>"}}]}                    │
│                                                                              │
│  Available G1 skills (use these EXACT names, do not invent others):          │
│  grab_from_table, hand_over, place_on_table, wave.                           │
│  Go2 skill: navigate_to_location.                                            │
│  Valid Go2 location names (use these EXACT names): charging, dropoff,        │
│  pickup, room_a, room_b, start, table_a, table_b.                            │
│                                                                              │
╰──────────────────────────────────────────────────────────────────────────────╯

[35m[Finalize] todos_count=0, todos_with_results=0[0m
╭─────────────────────────── ✅ Agent Final Answer ────────────────────────────╮
│                                                                              │
│  Agent: Task Router                                                          │
│                                                                              │
│  Final Answer:                                                               │
│  {"workflow_family":"manipulation_only","steps":[{"robot":"g1","skill":"wav  │
│  e","args":{}}]}                                                             │
│                                                                              │
╰──────────────────────────────────────────────────────────────────────────────╯

╭────────────────────────────── 🤖 Agent Started ──────────────────────────────╮
│                                                                              │
│  Agent: Task Router                                                          │
│                                                                              │
│  Task: A human has given the following request:                              │
│                                                                              │
│    "pick up the red cube from the table and hold it"                         │
│                                                                              │
│  Analyse it and produce an ordered plan. For each step specify:              │
│    - which robot (G1 or Go2)                                                 │
│    - the exact action (use g1_list_tasks and go2_list_locations     tools    │
│  to check available options)                                                 │
│    - any relevant parameters (location name, task name)                      │
│                                                                              │
│  Format:                                                                     │
│    Step 1 – <Robot>: <action>                                                │
│    Step 2 – <Robot>: <action>                                                │
│    ...                                                                       │
│  If the request cannot be fulfilled with the available actions, explain      │
│  why.                                                                        │
│                                                                              │
│  Return ONLY JSON: {"workflow_family": one of                                │
│  ["handover","carry","navigation_only","manipulation_only"], "steps":        │
│  [{"robot":"g1"|"go2","skill":str,"args":{}}]}.                              │
│                                                                              │
│  Example of the required JSON shape (placeholder names, do not copy them):   │
│  {"workflow_family": "carry", "steps": [{"robot": "g1", "skill":             │
│  "<g1_skill>", "args": {}}, {"robot": "go2", "skill":                        │
│  "navigate_to_location", "args": {"location": "<loc>"}}]}                    │
│                                                                              │
│  Available G1 skills (use these EXACT names, do not invent others):          │
│  grab_from_table, hand_over, place_on_table, wave.                           │
│  Go2 skill: navigate_to_location.                                            │
│  Valid Go2 location names (use these EXACT names): charging, dropoff,        │
│  pickup, room_a, room_b, start, table_a, table_b.                            │
│                                                                              │
╰──────────────────────────────────────────────────────────────────────────────╯

[32mTool g1_list_tasks executed with result: Available G1 tasks: grab_from_table, place_on_table, wave, hand_over...[0m
[32mTool go2_list_locations executed with result: Available Go2 locations: start, table_a, table_b, room_a, room_b, charging, pickup, dropoff...[0m
[35m[Finalize] todos_count=0, todos_with_results=0[0m
╭─────────────────────────── ✅ Agent Final Answer ────────────────────────────╮
│                                                                              │
│  Agent: Task Router                                                          │
│                                                                              │
│  Final Answer:                                                               │
│  {"workflow_family":"manipulation_only","steps":[{"robot":"g1","skill":"gra  │
│  b_from_table","args":{"object":"red                                         │
│  cube","location":"table"}},{"robot":"g1","skill":"hold","args":{"object":"  │
│  red cube"}}]}                                                               │
│                                                                              │
╰──────────────────────────────────────────────────────────────────────────────╯

╭────────────────────────────── 🤖 Agent Started ──────────────────────────────╮
│                                                                              │
│  Agent: Task Router                                                          │
│                                                                              │
│  Task: A human has given the following request:                              │
│                                                                              │
│    "carry the red cube to the rooftop helipad"                               │
│                                                                              │
│  Analyse it and produce an ordered plan. For each step specify:              │
│    - which robot (G1 or Go2)                                                 │
│    - the exact action (use g1_list_tasks and go2_list_locations     tools    │
│  to check available options)                                                 │
│    - any relevant parameters (location name, task name)                      │
│                                                                              │
│  Format:                                                                     │
│    Step 1 – <Robot>: <action>                                                │
│    Step 2 – <Robot>: <action>                                                │
│    ...                                                                       │
│  If the request cannot be fulfilled with the available actions, explain      │
│  why.                                                                        │
│                                                                              │
│  Return ONLY JSON: {"workflow_family": one of                                │
│  ["handover","carry","navigation_only","manipulation_only"], "steps":        │
│  [{"robot":"g1"|"go2","skill":str,"args":{}}]}.                              │
│                                                                              │
│  Example of the required JSON shape (placeholder names, do not copy them):   │
│  {"workflow_family": "carry", "steps": [{"robot": "g1", "skill":             │
│  "<g1_skill>", "args": {}}, {"robot": "go2", "skill":                        │
│  "navigate_to_location", "args": {"location": "<loc>"}}]}                    │
│                                                                              │
│  Available G1 skills (use these EXACT names, do not invent others):          │
│  grab_from_table, hand_over, place_on_table, wave.                           │
│  Go2 skill: navigate_to_location.                                            │
│  Valid Go2 location names (use these EXACT names): charging, dropoff,        │
│  pickup, room_a, room_b, start, table_a, table_b.                            │
│                                                                              │
╰──────────────────────────────────────────────────────────────────────────────╯

[32mTool g1_list_tasks executed with result: Available G1 tasks: grab_from_table, place_on_table, wave, hand_over...[0m
[32mTool go2_list_locations executed with result: Available Go2 locations: start, table_a, table_b, room_a, room_b, charging, pickup, dropoff...[0m
[35m[Finalize] todos_count=0, todos_with_results=0[0m
╭─────────────────────────── ✅ Agent Final Answer ────────────────────────────╮
│                                                                              │
│  Agent: Task Router                                                          │
│                                                                              │
│  Final Answer:                                                               │
│  {"workflow_family":"carry","steps":[{"robot":"g1","skill":"grab_from_table  │
│  ","args":{"location":"table_a","object":"red                                │
│  cube"}},{"robot":"go2","skill":"navigate_to_location","args":{"location":"  │
│  rooftop_helipad"}},{"robot":"g1","skill":"place_on_table","args":{"locatio  │
│  n":"rooftop_helipad","object":"red cube"}}]}                                │
│                                                                              │
╰──────────────────────────────────────────────────────────────────────────────╯

╭────────────────────────────── 🤖 Agent Started ──────────────────────────────╮
│                                                                              │
│  Agent: Task Router                                                          │
│                                                                              │
│  Task: A human has given the following request:                              │
│                                                                              │
│    "take the bottle to the server room"                                      │
│                                                                              │
│  Analyse it and produce an ordered plan. For each step specify:              │
│    - which robot (G1 or Go2)                                                 │
│    - the exact action (use g1_list_tasks and go2_list_locations     tools    │
│  to check available options)                                                 │
│    - any relevant parameters (location name, task name)                      │
│                                                                              │
│  Format:                                                                     │
│    Step 1 – <Robot>: <action>                                                │
│    Step 2 – <Robot>: <action>                                                │
│    ...                                                                       │
│  If the request cannot be fulfilled with the available actions, explain      │
│  why.                                                                        │
│                                                                              │
│  Return ONLY JSON: {"workflow_family": one of                                │
│  ["handover","carry","navigation_only","manipulation_only"], "steps":        │
│  [{"robot":"g1"|"go2","skill":str,"args":{}}]}.                              │
│                                                                              │
│  Example of the required JSON shape (placeholder names, do not copy them):   │
│  {"workflow_family": "carry", "steps": [{"robot": "g1", "skill":             │
│  "<g1_skill>", "args": {}}, {"robot": "go2", "skill":                        │
│  "navigate_to_location", "args": {"location": "<loc>"}}]}                    │
│                                                                              │
│  Available G1 skills (use these EXACT names, do not invent others):          │
│  grab_from_table, hand_over, place_on_table, wave.                           │
│  Go2 skill: navigate_to_location.                                            │
│  Valid Go2 location names (use these EXACT names): charging, dropoff,        │
│  pickup, room_a, room_b, start, table_a, table_b.                            │
│                                                                              │
╰──────────────────────────────────────────────────────────────────────────────╯

[32mTool g1_list_tasks executed with result: Available G1 tasks: grab_from_table, place_on_table, wave, hand_over...[0m
[32mTool go2_list_locations executed with result: Available Go2 locations: start, table_a, table_b, room_a, room_b, charging, pickup, dropoff...[0m
[35m[Finalize] todos_count=0, todos_with_results=0[0m
╭─────────────────────────── ✅ Agent Final Answer ────────────────────────────╮
│                                                                              │
│  Agent: Task Router                                                          │
│                                                                              │
│  Final Answer:                                                               │
│  {"workflow_family":"carry","steps":[{"robot":"g1","skill":"grab_from_table  │
│  ","args":{"object":"bottle"}},{"robot":"go2","skill":"navigate_to_location  │
│  ","args":{"location":"room_a"}},{"robot":"g1","skill":"hand_over","args":{  │
│  "object":"bottle"}}]}                                                       │
│                                                                              │
╰──────────────────────────────────────────────────────────────────────────────╯

╭────────────────────────────── 🤖 Agent Started ──────────────────────────────╮
│                                                                              │
│  Agent: Task Router                                                          │
│                                                                              │
│  Task: A human has given the following request:                              │
│                                                                              │
│    "go to the loading dock"                                                  │
│                                                                              │
│  Analyse it and produce an ordered plan. For each step specify:              │
│    - which robot (G1 or Go2)                                                 │
│    - the exact action (use g1_list_tasks and go2_list_locations     tools    │
│  to check available options)                                                 │
│    - any relevant parameters (location name, task name)                      │
│                                                                              │
│  Format:                                                                     │
│    Step 1 – <Robot>: <action>                                                │
│    Step 2 – <Robot>: <action>                                                │
│    ...                                                                       │
│  If the request cannot be fulfilled with the available actions, explain      │
│  why.                                                                        │
│                                                                              │
│  Return ONLY JSON: {"workflow_family": one of                                │
│  ["handover","carry","navigation_only","manipulation_only"], "steps":        │
│  [{"robot":"g1"|"go2","skill":str,"args":{}}]}.                              │
│                                                                              │
│  Example of the required JSON shape (placeholder names, do not copy them):   │
│  {"workflow_family": "carry", "steps": [{"robot": "g1", "skill":             │
│  "<g1_skill>", "args": {}}, {"robot": "go2", "skill":                        │
│  "navigate_to_location", "args": {"location": "<loc>"}}]}                    │
│                                                                              │
│  Available G1 skills (use these EXACT names, do not invent others):          │
│  grab_from_table, hand_over, place_on_table, wave.                           │
│  Go2 skill: navigate_to_location.                                            │
│  Valid Go2 location names (use these EXACT names): charging, dropoff,        │
│  pickup, room_a, room_b, start, table_a, table_b.                            │
│                                                                              │
╰──────────────────────────────────────────────────────────────────────────────╯

[32mTool go2_list_locations executed with result: Available Go2 locations: start, table_a, table_b, room_a, room_b, charging, pickup, dropoff...[0m
[35m[Finalize] todos_count=0, todos_with_results=0[0m
╭─────────────────────────── ✅ Agent Final Answer ────────────────────────────╮
│                                                                              │
│  Agent: Task Router                                                          │
│                                                                              │
│  Final Answer:                                                               │
│  {"workflow_family":"navigation_only","steps":[{"robot":"go2","skill":"navi  │
│  gate_to_location","args":{"location":"dropoff"}}]}                          │
│                                                                              │
╰──────────────────────────────────────────────────────────────────────────────╯

╭────────────────────────────── 🤖 Agent Started ──────────────────────────────╮
│                                                                              │
│  Agent: Task Router                                                          │
│                                                                              │
│  Task: A human has given the following request:                              │
│                                                                              │
│    "navigate to the parking garage"                                          │
│                                                                              │
│  Analyse it and produce an ordered plan. For each step specify:              │
│    - which robot (G1 or Go2)                                                 │
│    - the exact action (use g1_list_tasks and go2_list_locations     tools    │
│  to check available options)                                                 │
│    - any relevant parameters (location name, task name)                      │
│                                                                              │
│  Format:                                                                     │
│    Step 1 – <Robot>: <action>                                                │
│    Step 2 – <Robot>: <action>                                                │
│    ...                                                                       │
│  If the request cannot be fulfilled with the available actions, explain      │
│  why.                                                                        │
│                                                                              │
│  Return ONLY JSON: {"workflow_family": one of                                │
│  ["handover","carry","navigation_only","manipulation_only"], "steps":        │
│  [{"robot":"g1"|"go2","skill":str,"args":{}}]}.                              │
│                                                                              │
│  Example of the required JSON shape (placeholder names, do not copy them):   │
│  {"workflow_family": "carry", "steps": [{"robot": "g1", "skill":             │
│  "<g1_skill>", "args": {}}, {"robot": "go2", "skill":                        │
│  "navigate_to_location", "args": {"location": "<loc>"}}]}                    │
│                                                                              │
│  Available G1 skills (use these EXACT names, do not invent others):          │
│  grab_from_table, hand_over, place_on_table, wave.                           │
│  Go2 skill: navigate_to_location.                                            │
│  Valid Go2 location names (use these EXACT names): charging, dropoff,        │
│  pickup, room_a, room_b, start, table_a, table_b.                            │
│                                                                              │
╰──────────────────────────────────────────────────────────────────────────────╯

[32mTool go2_list_locations executed with result: Available Go2 locations: start, table_a, table_b, room_a, room_b, charging, pickup, dropoff...[0m
[35m[Finalize] todos_count=0, todos_with_results=0[0m
╭─────────────────────────── ✅ Agent Final Answer ────────────────────────────╮
│                                                                              │
│  Agent: Task Router                                                          │
│                                                                              │
│  Final Answer:                                                               │
│  {"workflow_family":"navigation_only","steps":[{"robot":"go2","skill":"navi  │
│  gate_to_location","args":{"location":"parking garage"}}]}                   │
│                                                                              │
╰──────────────────────────────────────────────────────────────────────────────╯

╭────────────────────────────── 🤖 Agent Started ──────────────────────────────╮
│                                                                              │
│  Agent: Task Router                                                          │
│                                                                              │
│  Task: A human has given the following request:                              │
│                                                                              │
│    "bring the red cube to room_b"                                            │
│                                                                              │
│  Analyse it and produce an ordered plan. For each step specify:              │
│    - which robot (G1 or Go2)                                                 │
│    - the exact action (use g1_list_tasks and go2_list_locations     tools    │
│  to check available options)                                                 │
│    - any relevant parameters (location name, task name)                      │
│                                                                              │
│  Format:                                                                     │
│    Step 1 – <Robot>: <action>                                                │
│    Step 2 – <Robot>: <action>                                                │
│    ...                                                                       │
│  If the request cannot be fulfilled with the available actions, explain      │
│  why.                                                                        │
│                                                                              │
│  Return ONLY JSON: {"workflow_family": one of                                │
│  ["handover","carry","navigation_only","manipulation_only"], "steps":        │
│  [{"robot":"g1"|"go2","skill":str,"args":{}}]}.                              │
│                                                                              │
│  Example of the required JSON shape (placeholder names, do not copy them):   │
│  {"workflow_family": "carry", "steps": [{"robot": "g1", "skill":             │
│  "<g1_skill>", "args": {}}, {"robot": "go2", "skill":                        │
│  "navigate_to_location", "args": {"location": "<loc>"}}]}                    │
│                                                                              │
│  Available G1 skills (use these EXACT names, do not invent others):          │
│  grab_from_table, hand_over, place_on_table, wave.                           │
│  Go2 skill: navigate_to_location.                                            │
│  Valid Go2 location names (use these EXACT names): charging, dropoff,        │
│  pickup, room_a, room_b, start, table_a, table_b.                            │
│                                                                              │
╰──────────────────────────────────────────────────────────────────────────────╯

[32mTool g1_list_tasks executed with result: Available G1 tasks: grab_from_table, place_on_table, wave, hand_over...[0m
[32mTool go2_list_locations executed with result: Available Go2 locations: start, table_a, table_b, room_a, room_b, charging, pickup, dropoff...[0m
[35m[Finalize] todos_count=0, todos_with_results=0[0m
╭─────────────────────────── ✅ Agent Final Answer ────────────────────────────╮
│                                                                              │
│  Agent: Task Router                                                          │
│                                                                              │
│  Final Answer:                                                               │
│  {"workflow_family":"carry","steps":[{"robot":"g1","skill":"grab_from_table  │
│  ","args":{}},{"robot":"go2","skill":"navigate_to_location","args":{"locati  │
│  on":"room_b"}},{"robot":"g1","skill":"place_on_table","args":{}}]}          │
│                                                                              │
╰──────────────────────────────────────────────────────────────────────────────╯

╭────────────────────────────── 🤖 Agent Started ──────────────────────────────╮
│                                                                              │
│  Agent: Task Router                                                          │
│                                                                              │
│  Task: A human has given the following request:                              │
│                                                                              │
│    "go to charging"                                                          │
│                                                                              │
│  Analyse it and produce an ordered plan. For each step specify:              │
│    - which robot (G1 or Go2)                                                 │
│    - the exact action (use g1_list_tasks and go2_list_locations     tools    │
│  to check available options)                                                 │
│    - any relevant parameters (location name, task name)                      │
│                                                                              │
│  Format:                                                                     │
│    Step 1 – <Robot>: <action>                                                │
│    Step 2 – <Robot>: <action>                                                │
│    ...                                                                       │
│  If the request cannot be fulfilled with the available actions, explain      │
│  why.                                                                        │
│                                                                              │
│  Return ONLY JSON: {"workflow_family": one of                                │
│  ["handover","carry","navigation_only","manipulation_only"], "steps":        │
│  [{"robot":"g1"|"go2","skill":str,"args":{}}]}.                              │
│                                                                              │
│  Example of the required JSON shape (placeholder names, do not copy them):   │
│  {"workflow_family": "carry", "steps": [{"robot": "g1", "skill":             │
│  "<g1_skill>", "args": {}}, {"robot": "go2", "skill":                        │
│  "navigate_to_location", "args": {"location": "<loc>"}}]}                    │
│                                                                              │
│  Available G1 skills (use these EXACT names, do not invent others):          │
│  grab_from_table, hand_over, place_on_table, wave.                           │
│  Go2 skill: navigate_to_location.                                            │
│  Valid Go2 location names (use these EXACT names): charging, dropoff,        │
│  pickup, room_a, room_b, start, table_a, table_b.                            │
│                                                                              │
╰──────────────────────────────────────────────────────────────────────────────╯

[35m[Finalize] todos_count=0, todos_with_results=0[0m
╭─────────────────────────── ✅ Agent Final Answer ────────────────────────────╮
│                                                                              │
│  Agent: Task Router                                                          │
│                                                                              │
│  Final Answer:                                                               │
│  {"workflow_family":"navigation_only","steps":[{"robot":"go2","skill":"navi  │
│  gate_to_location","args":{"location":"charging"}}]}                         │
│                                                                              │
╰──────────────────────────────────────────────────────────────────────────────╯

╭────────────────────────────── 🤖 Agent Started ──────────────────────────────╮
│                                                                              │
│  Agent: Task Router                                                          │
│                                                                              │
│  Task: A human has given the following request:                              │
│                                                                              │
│    "I'm at the table, hand me the red cube"                                  │
│                                                                              │
│  Analyse it and produce an ordered plan. For each step specify:              │
│    - which robot (G1 or Go2)                                                 │
│    - the exact action (use g1_list_tasks and go2_list_locations     tools    │
│  to check available options)                                                 │
│    - any relevant parameters (location name, task name)                      │
│                                                                              │
│  Format:                                                                     │
│    Step 1 – <Robot>: <action>                                                │
│    Step 2 – <Robot>: <action>                                                │
│    ...                                                                       │
│  If the request cannot be fulfilled with the available actions, explain      │
│  why.                                                                        │
│                                                                              │
│  Return ONLY JSON: {"workflow_family": one of                                │
│  ["handover","carry","navigation_only","manipulation_only"], "steps":        │
│  [{"robot":"g1"|"go2","skill":str,"args":{}}]}.                              │
│                                                                              │
│  Example of the required JSON shape (placeholder names, do not copy them):   │
│  {"workflow_family": "carry", "steps": [{"robot": "g1", "skill":             │
│  "<g1_skill>", "args": {}}, {"robot": "go2", "skill":                        │
│  "navigate_to_location", "args": {"location": "<loc>"}}]}                    │
│                                                                              │
│  Available G1 skills (use these EXACT names, do not invent others):          │
│  grab_from_table, hand_over, place_on_table, wave.                           │
│  Go2 skill: navigate_to_location.                                            │
│  Valid Go2 location names (use these EXACT names): charging, dropoff,        │
│  pickup, room_a, room_b, start, table_a, table_b.                            │
│                                                                              │
╰──────────────────────────────────────────────────────────────────────────────╯

[35m[Finalize] todos_count=0, todos_with_results=0[0m
╭─────────────────────────── ✅ Agent Final Answer ────────────────────────────╮
│                                                                              │
│  Agent: Task Router                                                          │
│                                                                              │
│  Final Answer:                                                               │
│  {"workflow_family":"handover","steps":[{"robot":"g1","skill":"hand_over","  │
│  args":{"object":"red cube","location":"table"}}]}                           │
│                                                                              │
╰──────────────────────────────────────────────────────────────────────────────╯

╭────────────────────────────── 🤖 Agent Started ──────────────────────────────╮
│                                                                              │
│  Agent: Task Router                                                          │
│                                                                              │
│  Task: A human has given the following request:                              │
│                                                                              │
│    "bring the block to table_a"                                              │
│                                                                              │
│  Analyse it and produce an ordered plan. For each step specify:              │
│    - which robot (G1 or Go2)                                                 │
│    - the exact action (use g1_list_tasks and go2_list_locations     tools    │
│  to check available options)                                                 │
│    - any relevant parameters (location name, task name)                      │
│                                                                              │
│  Format:                                                                     │
│    Step 1 – <Robot>: <action>                                                │
│    Step 2 – <Robot>: <action>                                                │
│    ...                                                                       │
│  If the request cannot be fulfilled with the available actions, explain      │
│  why.                                                                        │
│                                                                              │
│  Return ONLY JSON: {"workflow_family": one of                                │
│  ["handover","carry","navigation_only","manipulation_only"], "steps":        │
│  [{"robot":"g1"|"go2","skill":str,"args":{}}]}.                              │
│                                                                              │
│  Example of the required JSON shape (placeholder names, do not copy them):   │
│  {"workflow_family": "carry", "steps": [{"robot": "g1", "skill":             │
│  "<g1_skill>", "args": {}}, {"robot": "go2", "skill":                        │
│  "navigate_to_location", "args": {"location": "<loc>"}}]}                    │
│                                                                              │
│  Available G1 skills (use these EXACT names, do not invent others):          │
│  grab_from_table, hand_over, place_on_table, wave.                           │
│  Go2 skill: navigate_to_location.                                            │
│  Valid Go2 location names (use these EXACT names): charging, dropoff,        │
│  pickup, room_a, room_b, start, table_a, table_b.                            │
│                                                                              │
╰──────────────────────────────────────────────────────────────────────────────╯

[32mTool g1_list_tasks executed with result: Available G1 tasks: grab_from_table, place_on_table, wave, hand_over...[0m
[32mTool go2_list_locations executed with result: Available Go2 locations: start, table_a, table_b, room_a, room_b, charging, pickup, dropoff...[0m
[35m[Finalize] todos_count=0, todos_with_results=0[0m
╭─────────────────────────── ✅ Agent Final Answer ────────────────────────────╮
│                                                                              │
│  Agent: Task Router                                                          │
│                                                                              │
│  Final Answer:                                                               │
│  {"workflow_family":"carry","steps":[{"robot":"g1","skill":"grab_from_table  │
│  ","args":{"location":"pickup"}},{"robot":"go2","skill":"navigate_to_locati  │
│  on","args":{"location":"table_a"}},{"robot":"g1","skill":"place_on_table",  │
│  "args":{"location":"table_a"}}]}                                            │
│                                                                              │
╰──────────────────────────────────────────────────────────────────────────────╯

╭────────────────────────────── 🤖 Agent Started ──────────────────────────────╮
│                                                                              │
│  Agent: Task Router                                                          │
│                                                                              │
│  Task: A human has given the following request:                              │
│                                                                              │
│    "I'm right here at the table, hand me the red cube"                       │
│                                                                              │
│  Analyse it and produce an ordered plan. For each step specify:              │
│    - which robot (G1 or Go2)                                                 │
│    - the exact action (use g1_list_tasks and go2_list_locations     tools    │
│  to check available options)                                                 │
│    - any relevant parameters (location name, task name)                      │
│                                                                              │
│  Format:                                                                     │
│    Step 1 – <Robot>: <action>                                                │
│    Step 2 – <Robot>: <action>                                                │
│    ...                                                                       │
│  If the request cannot be fulfilled with the available actions, explain      │
│  why.                                                                        │
│                                                                              │
│  Return ONLY JSON: {"workflow_family": one of                                │
│  ["handover","carry","navigation_only","manipulation_only"], "steps":        │
│  [{"robot":"g1"|"go2","skill":str,"args":{}}]}.                              │
│                                                                              │
│  Example of the required JSON shape (placeholder names, do not copy them):   │
│  {"workflow_family": "carry", "steps": [{"robot": "g1", "skill":             │
│  "<g1_skill>", "args": {}}, {"robot": "go2", "skill":                        │
│  "navigate_to_location", "args": {"location": "<loc>"}}]}                    │
│                                                                              │
│  Available G1 skills (use these EXACT names, do not invent others):          │
│  grab_from_table, hand_over, place_on_table, wave.                           │
│  Go2 skill: navigate_to_location.                                            │
│  Valid Go2 location names (use these EXACT names): charging, dropoff,        │
│  pickup, room_a, room_b, start, table_a, table_b.                            │
│  Workflow contracts (choose exactly ONE family and follow its ordering):     │
│  - handover: a single G1 hand_over step; NO Go2 step.                        │
│  - manipulation_only: a single G1 skill; NO Go2 step.                        │
│  - navigation_only: a single Go2 navigate_to_location step; NO G1 step.      │
│  - carry: G1 grab_from_table, then G1 place_on_table (loads onto Go2), then  │
│  Go2 navigate_to_location. Go2 must NOT navigate before the load step.       │
│                                                                              │
╰──────────────────────────────────────────────────────────────────────────────╯

[32mTool g1_list_tasks executed with result: Available G1 tasks: grab_from_table, place_on_table, wave, hand_over...[0m
[32mTool go2_list_locations executed with result: Available Go2 locations: start, table_a, table_b, room_a, room_b, charging, pickup, dropoff...[0m
[35m[Finalize] todos_count=0, todos_with_results=0[0m
╭─────────────────────────── ✅ Agent Final Answer ────────────────────────────╮
│                                                                              │
│  Agent: Task Router                                                          │
│                                                                              │
│  Final Answer:                                                               │
│  {"workflow_family":"handover","steps":[{"robot":"g1","skill":"hand_over","  │
│  args":{}}]}                                                                 │
│                                                                              │
╰──────────────────────────────────────────────────────────────────────────────╯

╭────────────────────────────── 🤖 Agent Started ──────────────────────────────╮
│                                                                              │
│  Agent: Task Router                                                          │
│                                                                              │
│  Task: A human has given the following request:                              │
│                                                                              │
│    "I'm sitting at the table — pass me the block please"                     │
│                                                                              │
│  Analyse it and produce an ordered plan. For each step specify:              │
│    - which robot (G1 or Go2)                                                 │
│    - the exact action (use g1_list_tasks and go2_list_locations     tools    │
│  to check available options)                                                 │
│    - any relevant parameters (location name, task name)                      │
│                                                                              │
│  Format:                                                                     │
│    Step 1 – <Robot>: <action>                                                │
│    Step 2 – <Robot>: <action>                                                │
│    ...                                                                       │
│  If the request cannot be fulfilled with the available actions, explain      │
│  why.                                                                        │
│                                                                              │
│  Return ONLY JSON: {"workflow_family": one of                                │
│  ["handover","carry","navigation_only","manipulation_only"], "steps":        │
│  [{"robot":"g1"|"go2","skill":str,"args":{}}]}.                              │
│                                                                              │
│  Example of the required JSON shape (placeholder names, do not copy them):   │
│  {"workflow_family": "carry", "steps": [{"robot": "g1", "skill":             │
│  "<g1_skill>", "args": {}}, {"robot": "go2", "skill":                        │
│  "navigate_to_location", "args": {"location": "<loc>"}}]}                    │
│                                                                              │
│  Available G1 skills (use these EXACT names, do not invent others):          │
│  grab_from_table, hand_over, place_on_table, wave.                           │
│  Go2 skill: navigate_to_location.                                            │
│  Valid Go2 location names (use these EXACT names): charging, dropoff,        │
│  pickup, room_a, room_b, start, table_a, table_b.                            │
│  Workflow contracts (choose exactly ONE family and follow its ordering):     │
│  - handover: a single G1 hand_over step; NO Go2 step.                        │
│  - manipulation_only: a single G1 skill; NO Go2 step.                        │
│  - navigation_only: a single Go2 navigate_to_location step; NO G1 step.      │
│  - carry: G1 grab_from_table, then G1 place_on_table (loads onto Go2), then  │
│  Go2 navigate_to_location. Go2 must NOT navigate before the load step.       │
│                                                                              │
╰──────────────────────────────────────────────────────────────────────────────╯

[32mTool g1_list_tasks executed with result: Available G1 tasks: grab_from_table, place_on_table, wave, hand_over...[0m
[32mTool go2_list_locations executed with result: Available Go2 locations: start, table_a, table_b, room_a, room_b, charging, pickup, dropoff...[0m
[35m[Finalize] todos_count=0, todos_with_results=0[0m
╭─────────────────────────── ✅ Agent Final Answer ────────────────────────────╮
│                                                                              │
│  Agent: Task Router                                                          │
│                                                                              │
│  Final Answer:                                                               │
│  {"workflow_family":"handover","steps":[{"robot":"g1","skill":"hand_over","  │
│  args":{}}]}                                                                 │
│                                                                              │
╰──────────────────────────────────────────────────────────────────────────────╯

╭────────────────────────────── 🤖 Agent Started ──────────────────────────────╮
│                                                                              │
│  Agent: Task Router                                                          │
│                                                                              │
│  Task: A human has given the following request:                              │
│                                                                              │
│    "give me the bottle, I'm standing right at the table"                     │
│                                                                              │
│  Analyse it and produce an ordered plan. For each step specify:              │
│    - which robot (G1 or Go2)                                                 │
│    - the exact action (use g1_list_tasks and go2_list_locations     tools    │
│  to check available options)                                                 │
│    - any relevant parameters (location name, task name)                      │
│                                                                              │
│  Format:                                                                     │
│    Step 1 – <Robot>: <action>                                                │
│    Step 2 – <Robot>: <action>                                                │
│    ...                                                                       │
│  If the request cannot be fulfilled with the available actions, explain      │
│  why.                                                                        │
│                                                                              │
│  Return ONLY JSON: {"workflow_family": one of                                │
│  ["handover","carry","navigation_only","manipulation_only"], "steps":        │
│  [{"robot":"g1"|"go2","skill":str,"args":{}}]}.                              │
│                                                                              │
│  Example of the required JSON shape (placeholder names, do not copy them):   │
│  {"workflow_family": "carry", "steps": [{"robot": "g1", "skill":             │
│  "<g1_skill>", "args": {}}, {"robot": "go2", "skill":                        │
│  "navigate_to_location", "args": {"location": "<loc>"}}]}                    │
│                                                                              │
│  Available G1 skills (use these EXACT names, do not invent others):          │
│  grab_from_table, hand_over, place_on_table, wave.                           │
│  Go2 skill: navigate_to_location.                                            │
│  Valid Go2 location names (use these EXACT names): charging, dropoff,        │
│  pickup, room_a, room_b, start, table_a, table_b.                            │
│  Workflow contracts (choose exactly ONE family and follow its ordering):     │
│  - handover: a single G1 hand_over step; NO Go2 step.                        │
│  - manipulation_only: a single G1 skill; NO Go2 step.                        │
│  - navigation_only: a single Go2 navigate_to_location step; NO G1 step.      │
│  - carry: G1 grab_from_table, then G1 place_on_table (loads onto Go2), then  │
│  Go2 navigate_to_location. Go2 must NOT navigate before the load step.       │
│                                                                              │
╰──────────────────────────────────────────────────────────────────────────────╯

[32mTool g1_list_tasks executed with result: Available G1 tasks: grab_from_table, place_on_table, wave, hand_over...[0m
[32mTool go2_list_locations executed with result: Available Go2 locations: start, table_a, table_b, room_a, room_b, charging, pickup, dropoff...[0m
[35m[Finalize] todos_count=0, todos_with_results=0[0m
╭─────────────────────────── ✅ Agent Final Answer ────────────────────────────╮
│                                                                              │
│  Agent: Task Router                                                          │
│                                                                              │
│  Final Answer:                                                               │
│  {"workflow_family":"handover","steps":[{"robot":"g1","skill":"hand_over","  │
│  args":{}}]}                                                                 │
│                                                                              │
╰──────────────────────────────────────────────────────────────────────────────╯

╭────────────────────────────── 🤖 Agent Started ──────────────────────────────╮
│                                                                              │
│  Agent: Task Router                                                          │
│                                                                              │
│  Task: A human has given the following request:                              │
│                                                                              │
│    "bring the red cube to room_b"                                            │
│                                                                              │
│  Analyse it and produce an ordered plan. For each step specify:              │
│    - which robot (G1 or Go2)                                                 │
│    - the exact action (use g1_list_tasks and go2_list_locations     tools    │
│  to check available options)                                                 │
│    - any relevant parameters (location name, task name)                      │
│                                                                              │
│  Format:                                                                     │
│    Step 1 – <Robot>: <action>                                                │
│    Step 2 – <Robot>: <action>                                                │
│    ...                                                                       │
│  If the request cannot be fulfilled with the available actions, explain      │
│  why.                                                                        │
│                                                                              │
│  Return ONLY JSON: {"workflow_family": one of                                │
│  ["handover","carry","navigation_only","manipulation_only"], "steps":        │
│  [{"robot":"g1"|"go2","skill":str,"args":{}}]}.                              │
│                                                                              │
│  Example of the required JSON shape (placeholder names, do not copy them):   │
│  {"workflow_family": "carry", "steps": [{"robot": "g1", "skill":             │
│  "<g1_skill>", "args": {}}, {"robot": "go2", "skill":                        │
│  "navigate_to_location", "args": {"location": "<loc>"}}]}                    │
│                                                                              │
│  Available G1 skills (use these EXACT names, do not invent others):          │
│  grab_from_table, hand_over, place_on_table, wave.                           │
│  Go2 skill: navigate_to_location.                                            │
│  Valid Go2 location names (use these EXACT names): charging, dropoff,        │
│  pickup, room_a, room_b, start, table_a, table_b.                            │
│  Workflow contracts (choose exactly ONE family and follow its ordering):     │
│  - handover: a single G1 hand_over step; NO Go2 step.                        │
│  - manipulation_only: a single G1 skill; NO Go2 step.                        │
│  - navigation_only: a single Go2 navigate_to_location step; NO G1 step.      │
│  - carry: G1 grab_from_table, then G1 place_on_table (loads onto Go2), then  │
│  Go2 navigate_to_location. Go2 must NOT navigate before the load step.       │
│                                                                              │
╰──────────────────────────────────────────────────────────────────────────────╯

[32mTool g1_list_tasks executed with result: Available G1 tasks: grab_from_table, place_on_table, wave, hand_over...[0m
[32mTool go2_list_locations executed with result: Available Go2 locations: start, table_a, table_b, room_a, room_b, charging, pickup, dropoff...[0m
[35m[Finalize] todos_count=0, todos_with_results=0[0m
╭─────────────────────────── ✅ Agent Final Answer ────────────────────────────╮
│                                                                              │
│  Agent: Task Router                                                          │
│                                                                              │
│  Final Answer:                                                               │
│  {"workflow_family":"carry","steps":[{"robot":"g1","skill":"grab_from_table  │
│  ","args":{"object":"red                                                     │
│  cube"}},{"robot":"g1","skill":"place_on_table","args":{"location":"pickup"  │
│  }},{"robot":"go2","skill":"navigate_to_location","args":{"location":"room_  │
│  b"}}]}                                                                      │
│                                                                              │
╰──────────────────────────────────────────────────────────────────────────────╯

╭────────────────────────────── 🤖 Agent Started ──────────────────────────────╮
│                                                                              │
│  Agent: Task Router                                                          │
│                                                                              │
│  Task: A human has given the following request:                              │
│                                                                              │
│    "take the bottle over to table_b for me"                                  │
│                                                                              │
│  Analyse it and produce an ordered plan. For each step specify:              │
│    - which robot (G1 or Go2)                                                 │
│    - the exact action (use g1_list_tasks and go2_list_locations     tools    │
│  to check available options)                                                 │
│    - any relevant parameters (location name, task name)                      │
│                                                                              │
│  Format:                                                                     │
│    Step 1 – <Robot>: <action>                                                │
│    Step 2 – <Robot>: <action>                                                │
│    ...                                                                       │
│  If the request cannot be fulfilled with the available actions, explain      │
│  why.                                                                        │
│                                                                              │
│  Return ONLY JSON: {"workflow_family": one of                                │
│  ["handover","carry","navigation_only","manipulation_only"], "steps":        │
│  [{"robot":"g1"|"go2","skill":str,"args":{}}]}.                              │
│                                                                              │
│  Example of the required JSON shape (placeholder names, do not copy them):   │
│  {"workflow_family": "carry", "steps": [{"robot": "g1", "skill":             │
│  "<g1_skill>", "args": {}}, {"robot": "go2", "skill":                        │
│  "navigate_to_location", "args": {"location": "<loc>"}}]}                    │
│                                                                              │
│  Available G1 skills (use these EXACT names, do not invent others):          │
│  grab_from_table, hand_over, place_on_table, wave.                           │
│  Go2 skill: navigate_to_location.                                            │
│  Valid Go2 location names (use these EXACT names): charging, dropoff,        │
│  pickup, room_a, room_b, start, table_a, table_b.                            │
│  Workflow contracts (choose exactly ONE family and follow its ordering):     │
│  - handover: a single G1 hand_over step; NO Go2 step.                        │
│  - manipulation_only: a single G1 skill; NO Go2 step.                        │
│  - navigation_only: a single Go2 navigate_to_location step; NO G1 step.      │
│  - carry: G1 grab_from_table, then G1 place_on_table (loads onto Go2), then  │
│  Go2 navigate_to_location. Go2 must NOT navigate before the load step.       │
│                                                                              │
╰──────────────────────────────────────────────────────────────────────────────╯

[32mTool g1_list_tasks executed with result: Available G1 tasks: grab_from_table, place_on_table, wave, hand_over...[0m
[32mTool go2_list_locations executed with result: Available Go2 locations: start, table_a, table_b, room_a, room_b, charging, pickup, dropoff...[0m
[35m[Finalize] todos_count=0, todos_with_results=0[0m
╭─────────────────────────── ✅ Agent Final Answer ────────────────────────────╮
│                                                                              │
│  Agent: Task Router                                                          │
│                                                                              │
│  Final Answer:                                                               │
│  {"workflow_family":"carry","steps":[{"robot":"g1","skill":"grab_from_table  │
│  ","args":{"object":"bottle"}},{"robot":"g1","skill":"place_on_table","args  │
│  ":{"location":"table_b"}},{"robot":"go2","skill":"navigate_to_location","a  │
│  rgs":{"location":"table_b"}}]}                                              │
│                                                                              │
╰──────────────────────────────────────────────────────────────────────────────╯

╭────────────────────────────── 🤖 Agent Started ──────────────────────────────╮
│                                                                              │
│  Agent: Task Router                                                          │
│                                                                              │
│  Task: A human has given the following request:                              │
│                                                                              │
│    "deliver the block to dropoff"                                            │
│                                                                              │
│  Analyse it and produce an ordered plan. For each step specify:              │
│    - which robot (G1 or Go2)                                                 │
│    - the exact action (use g1_list_tasks and go2_list_locations     tools    │
│  to check available options)                                                 │
│    - any relevant parameters (location name, task name)                      │
│                                                                              │
│  Format:                                                                     │
│    Step 1 – <Robot>: <action>                                                │
│    Step 2 – <Robot>: <action>                                                │
│    ...                                                                       │
│  If the request cannot be fulfilled with the available actions, explain      │
│  why.                                                                        │
│                                                                              │
│  Return ONLY JSON: {"workflow_family": one of                                │
│  ["handover","carry","navigation_only","manipulation_only"], "steps":        │
│  [{"robot":"g1"|"go2","skill":str,"args":{}}]}.                              │
│                                                                              │
│  Example of the required JSON shape (placeholder names, do not copy them):   │
│  {"workflow_family": "carry", "steps": [{"robot": "g1", "skill":             │
│  "<g1_skill>", "args": {}}, {"robot": "go2", "skill":                        │
│  "navigate_to_location", "args": {"location": "<loc>"}}]}                    │
│                                                                              │
│  Available G1 skills (use these EXACT names, do not invent others):          │
│  grab_from_table, hand_over, place_on_table, wave.                           │
│  Go2 skill: navigate_to_location.                                            │
│  Valid Go2 location names (use these EXACT names): charging, dropoff,        │
│  pickup, room_a, room_b, start, table_a, table_b.                            │
│  Workflow contracts (choose exactly ONE family and follow its ordering):     │
│  - handover: a single G1 hand_over step; NO Go2 step.                        │
│  - manipulation_only: a single G1 skill; NO Go2 step.                        │
│  - navigation_only: a single Go2 navigate_to_location step; NO G1 step.      │
│  - carry: G1 grab_from_table, then G1 place_on_table (loads onto Go2), then  │
│  Go2 navigate_to_location. Go2 must NOT navigate before the load step.       │
│                                                                              │
╰──────────────────────────────────────────────────────────────────────────────╯

[32mTool g1_list_tasks executed with result: Available G1 tasks: grab_from_table, place_on_table, wave, hand_over...[0m
[32mTool go2_list_locations executed with result: Available Go2 locations: start, table_a, table_b, room_a, room_b, charging, pickup, dropoff...[0m
[35m[Finalize] todos_count=0, todos_with_results=0[0m
╭─────────────────────────── ✅ Agent Final Answer ────────────────────────────╮
│                                                                              │
│  Agent: Task Router                                                          │
│                                                                              │
│  Final Answer:                                                               │
│  {"workflow_family":"carry","steps":[{"robot":"g1","skill":"grab_from_table  │
│  ","args":{}},{"robot":"g1","skill":"place_on_table","args":{}},{"robot":"g  │
│  o2","skill":"navigate_to_location","args":{"location":"dropoff"}}]}         │
│                                                                              │
╰──────────────────────────────────────────────────────────────────────────────╯

╭────────────────────────────── 🤖 Agent Started ──────────────────────────────╮
│                                                                              │
│  Agent: Task Router                                                          │
│                                                                              │
│  Task: A human has given the following request:                              │
│                                                                              │
│    "go to charging"                                                          │
│                                                                              │
│  Analyse it and produce an ordered plan. For each step specify:              │
│    - which robot (G1 or Go2)                                                 │
│    - the exact action (use g1_list_tasks and go2_list_locations     tools    │
│  to check available options)                                                 │
│    - any relevant parameters (location name, task name)                      │
│                                                                              │
│  Format:                                                                     │
│    Step 1 – <Robot>: <action>                                                │
│    Step 2 – <Robot>: <action>                                                │
│    ...                                                                       │
│  If the request cannot be fulfilled with the available actions, explain      │
│  why.                                                                        │
│                                                                              │
│  Return ONLY JSON: {"workflow_family": one of                                │
│  ["handover","carry","navigation_only","manipulation_only"], "steps":        │
│  [{"robot":"g1"|"go2","skill":str,"args":{}}]}.                              │
│                                                                              │
│  Example of the required JSON shape (placeholder names, do not copy them):   │
│  {"workflow_family": "carry", "steps": [{"robot": "g1", "skill":             │
│  "<g1_skill>", "args": {}}, {"robot": "go2", "skill":                        │
│  "navigate_to_location", "args": {"location": "<loc>"}}]}                    │
│                                                                              │
│  Available G1 skills (use these EXACT names, do not invent others):          │
│  grab_from_table, hand_over, place_on_table, wave.                           │
│  Go2 skill: navigate_to_location.                                            │
│  Valid Go2 location names (use these EXACT names): charging, dropoff,        │
│  pickup, room_a, room_b, start, table_a, table_b.                            │
│  Workflow contracts (choose exactly ONE family and follow its ordering):     │
│  - handover: a single G1 hand_over step; NO Go2 step.                        │
│  - manipulation_only: a single G1 skill; NO Go2 step.                        │
│  - navigation_only: a single Go2 navigate_to_location step; NO G1 step.      │
│  - carry: G1 grab_from_table, then G1 place_on_table (loads onto Go2), then  │
│  Go2 navigate_to_location. Go2 must NOT navigate before the load step.       │
│                                                                              │
╰──────────────────────────────────────────────────────────────────────────────╯

[35m[Finalize] todos_count=0, todos_with_results=0[0m
╭─────────────────────────── ✅ Agent Final Answer ────────────────────────────╮
│                                                                              │
│  Agent: Task Router                                                          │
│                                                                              │
│  Final Answer:                                                               │
│  {"workflow_family":"navigation_only","steps":[{"robot":"go2","skill":"navi  │
│  gate_to_location","args":{"location":"charging"}}]}                         │
│                                                                              │
╰──────────────────────────────────────────────────────────────────────────────╯

╭────────────────────────────── 🤖 Agent Started ──────────────────────────────╮
│                                                                              │
│  Agent: Task Router                                                          │
│                                                                              │
│  Task: A human has given the following request:                              │
│                                                                              │
│    "navigate to room_a"                                                      │
│                                                                              │
│  Analyse it and produce an ordered plan. For each step specify:              │
│    - which robot (G1 or Go2)                                                 │
│    - the exact action (use g1_list_tasks and go2_list_locations     tools    │
│  to check available options)                                                 │
│    - any relevant parameters (location name, task name)                      │
│                                                                              │
│  Format:                                                                     │
│    Step 1 – <Robot>: <action>                                                │
│    Step 2 – <Robot>: <action>                                                │
│    ...                                                                       │
│  If the request cannot be fulfilled with the available actions, explain      │
│  why.                                                                        │
│                                                                              │
│  Return ONLY JSON: {"workflow_family": one of                                │
│  ["handover","carry","navigation_only","manipulation_only"], "steps":        │
│  [{"robot":"g1"|"go2","skill":str,"args":{}}]}.                              │
│                                                                              │
│  Example of the required JSON shape (placeholder names, do not copy them):   │
│  {"workflow_family": "carry", "steps": [{"robot": "g1", "skill":             │
│  "<g1_skill>", "args": {}}, {"robot": "go2", "skill":                        │
│  "navigate_to_location", "args": {"location": "<loc>"}}]}                    │
│                                                                              │
│  Available G1 skills (use these EXACT names, do not invent others):          │
│  grab_from_table, hand_over, place_on_table, wave.                           │
│  Go2 skill: navigate_to_location.                                            │
│  Valid Go2 location names (use these EXACT names): charging, dropoff,        │
│  pickup, room_a, room_b, start, table_a, table_b.                            │
│  Workflow contracts (choose exactly ONE family and follow its ordering):     │
│  - handover: a single G1 hand_over step; NO Go2 step.                        │
│  - manipulation_only: a single G1 skill; NO Go2 step.                        │
│  - navigation_only: a single Go2 navigate_to_location step; NO G1 step.      │
│  - carry: G1 grab_from_table, then G1 place_on_table (loads onto Go2), then  │
│  Go2 navigate_to_location. Go2 must NOT navigate before the load step.       │
│                                                                              │
╰──────────────────────────────────────────────────────────────────────────────╯

[35m[Finalize] todos_count=0, todos_with_results=0[0m
╭─────────────────────────── ✅ Agent Final Answer ────────────────────────────╮
│                                                                              │
│  Agent: Task Router                                                          │
│                                                                              │
│  Final Answer:                                                               │
│  {"workflow_family":"navigation_only","steps":[{"robot":"go2","skill":"navi  │
│  gate_to_location","args":{"location":"room_a"}}]}                           │
│                                                                              │
╰──────────────────────────────────────────────────────────────────────────────╯

╭────────────────────────────── 🤖 Agent Started ──────────────────────────────╮
│                                                                              │
│  Agent: Task Router                                                          │
│                                                                              │
│  Task: A human has given the following request:                              │
│                                                                              │
│    "head over to the pickup point"                                           │
│                                                                              │
│  Analyse it and produce an ordered plan. For each step specify:              │
│    - which robot (G1 or Go2)                                                 │
│    - the exact action (use g1_list_tasks and go2_list_locations     tools    │
│  to check available options)                                                 │
│    - any relevant parameters (location name, task name)                      │
│                                                                              │
│  Format:                                                                     │
│    Step 1 – <Robot>: <action>                                                │
│    Step 2 – <Robot>: <action>                                                │
│    ...                                                                       │
│  If the request cannot be fulfilled with the available actions, explain      │
│  why.                                                                        │
│                                                                              │
│  Return ONLY JSON: {"workflow_family": one of                                │
│  ["handover","carry","navigation_only","manipulation_only"], "steps":        │
│  [{"robot":"g1"|"go2","skill":str,"args":{}}]}.                              │
│                                                                              │
│  Example of the required JSON shape (placeholder names, do not copy them):   │
│  {"workflow_family": "carry", "steps": [{"robot": "g1", "skill":             │
│  "<g1_skill>", "args": {}}, {"robot": "go2", "skill":                        │
│  "navigate_to_location", "args": {"location": "<loc>"}}]}                    │
│                                                                              │
│  Available G1 skills (use these EXACT names, do not invent others):          │
│  grab_from_table, hand_over, place_on_table, wave.                           │
│  Go2 skill: navigate_to_location.                                            │
│  Valid Go2 location names (use these EXACT names): charging, dropoff,        │
│  pickup, room_a, room_b, start, table_a, table_b.                            │
│  Workflow contracts (choose exactly ONE family and follow its ordering):     │
│  - handover: a single G1 hand_over step; NO Go2 step.                        │
│  - manipulation_only: a single G1 skill; NO Go2 step.                        │
│  - navigation_only: a single Go2 navigate_to_location step; NO G1 step.      │
│  - carry: G1 grab_from_table, then G1 place_on_table (loads onto Go2), then  │
│  Go2 navigate_to_location. Go2 must NOT navigate before the load step.       │
│                                                                              │
╰──────────────────────────────────────────────────────────────────────────────╯

[32mTool go2_list_locations executed with result: Available Go2 locations: start, table_a, table_b, room_a, room_b, charging, pickup, dropoff...[0m
[35m[Finalize] todos_count=0, todos_with_results=0[0m
╭─────────────────────────── ✅ Agent Final Answer ────────────────────────────╮
│                                                                              │
│  Agent: Task Router                                                          │
│                                                                              │
│  Final Answer:                                                               │
│  {"workflow_family":"navigation_only","steps":[{"robot":"go2","skill":"navi  │
│  gate_to_location","args":{"location":"pickup"}}]}                           │
│                                                                              │
╰──────────────────────────────────────────────────────────────────────────────╯

╭────────────────────────────── 🤖 Agent Started ──────────────────────────────╮
│                                                                              │
│  Agent: Task Router                                                          │
│                                                                              │
│  Task: A human has given the following request:                              │
│                                                                              │
│    "wave hello"                                                              │
│                                                                              │
│  Analyse it and produce an ordered plan. For each step specify:              │
│    - which robot (G1 or Go2)                                                 │
│    - the exact action (use g1_list_tasks and go2_list_locations     tools    │
│  to check available options)                                                 │
│    - any relevant parameters (location name, task name)                      │
│                                                                              │
│  Format:                                                                     │
│    Step 1 – <Robot>: <action>                                                │
│    Step 2 – <Robot>: <action>                                                │
│    ...                                                                       │
│  If the request cannot be fulfilled with the available actions, explain      │
│  why.                                                                        │
│                                                                              │
│  Return ONLY JSON: {"workflow_family": one of                                │
│  ["handover","carry","navigation_only","manipulation_only"], "steps":        │
│  [{"robot":"g1"|"go2","skill":str,"args":{}}]}.                              │
│                                                                              │
│  Example of the required JSON shape (placeholder names, do not copy them):   │
│  {"workflow_family": "carry", "steps": [{"robot": "g1", "skill":             │
│  "<g1_skill>", "args": {}}, {"robot": "go2", "skill":                        │
│  "navigate_to_location", "args": {"location": "<loc>"}}]}                    │
│                                                                              │
│  Available G1 skills (use these EXACT names, do not invent others):          │
│  grab_from_table, hand_over, place_on_table, wave.                           │
│  Go2 skill: navigate_to_location.                                            │
│  Valid Go2 location names (use these EXACT names): charging, dropoff,        │
│  pickup, room_a, room_b, start, table_a, table_b.                            │
│  Workflow contracts (choose exactly ONE family and follow its ordering):     │
│  - handover: a single G1 hand_over step; NO Go2 step.                        │
│  - manipulation_only: a single G1 skill; NO Go2 step.                        │
│  - navigation_only: a single Go2 navigate_to_location step; NO G1 step.      │
│  - carry: G1 grab_from_table, then G1 place_on_table (loads onto Go2), then  │
│  Go2 navigate_to_location. Go2 must NOT navigate before the load step.       │
│                                                                              │
╰──────────────────────────────────────────────────────────────────────────────╯

[35m[Finalize] todos_count=0, todos_with_results=0[0m
╭─────────────────────────── ✅ Agent Final Answer ────────────────────────────╮
│                                                                              │
│  Agent: Task Router                                                          │
│                                                                              │
│  Final Answer:                                                               │
│  {"workflow_family":"manipulation_only","steps":[{"robot":"g1","skill":"wav  │
│  e","args":{}}]}                                                             │
│                                                                              │
╰──────────────────────────────────────────────────────────────────────────────╯

╭────────────────────────────── 🤖 Agent Started ──────────────────────────────╮
│                                                                              │
│  Agent: Task Router                                                          │
│                                                                              │
│  Task: A human has given the following request:                              │
│                                                                              │
│    "give a friendly wave"                                                    │
│                                                                              │
│  Analyse it and produce an ordered plan. For each step specify:              │
│    - which robot (G1 or Go2)                                                 │
│    - the exact action (use g1_list_tasks and go2_list_locations     tools    │
│  to check available options)                                                 │
│    - any relevant parameters (location name, task name)                      │
│                                                                              │
│  Format:                                                                     │
│    Step 1 – <Robot>: <action>                                                │
│    Step 2 – <Robot>: <action>                                                │
│    ...                                                                       │
│  If the request cannot be fulfilled with the available actions, explain      │
│  why.                                                                        │
│                                                                              │
│  Return ONLY JSON: {"workflow_family": one of                                │
│  ["handover","carry","navigation_only","manipulation_only"], "steps":        │
│  [{"robot":"g1"|"go2","skill":str,"args":{}}]}.                              │
│                                                                              │
│  Example of the required JSON shape (placeholder names, do not copy them):   │
│  {"workflow_family": "carry", "steps": [{"robot": "g1", "skill":             │
│  "<g1_skill>", "args": {}}, {"robot": "go2", "skill":                        │
│  "navigate_to_location", "args": {"location": "<loc>"}}]}                    │
│                                                                              │
│  Available G1 skills (use these EXACT names, do not invent others):          │
│  grab_from_table, hand_over, place_on_table, wave.                           │
│  Go2 skill: navigate_to_location.                                            │
│  Valid Go2 location names (use these EXACT names): charging, dropoff,        │
│  pickup, room_a, room_b, start, table_a, table_b.                            │
│  Workflow contracts (choose exactly ONE family and follow its ordering):     │
│  - handover: a single G1 hand_over step; NO Go2 step.                        │
│  - manipulation_only: a single G1 skill; NO Go2 step.                        │
│  - navigation_only: a single Go2 navigate_to_location step; NO G1 step.      │
│  - carry: G1 grab_from_table, then G1 place_on_table (loads onto Go2), then  │
│  Go2 navigate_to_location. Go2 must NOT navigate before the load step.       │
│                                                                              │
╰──────────────────────────────────────────────────────────────────────────────╯

[35m[Finalize] todos_count=0, todos_with_results=0[0m
╭─────────────────────────── ✅ Agent Final Answer ────────────────────────────╮
│                                                                              │
│  Agent: Task Router                                                          │
│                                                                              │
│  Final Answer:                                                               │
│  {"workflow_family":"manipulation_only","steps":[{"robot":"g1","skill":"wav  │
│  e","args":{}}]}                                                             │
│                                                                              │
╰──────────────────────────────────────────────────────────────────────────────╯

╭────────────────────────────── 🤖 Agent Started ──────────────────────────────╮
│                                                                              │
│  Agent: Task Router                                                          │
│                                                                              │
│  Task: A human has given the following request:                              │
│                                                                              │
│    "pick up the red cube from the table and hold it"                         │
│                                                                              │
│  Analyse it and produce an ordered plan. For each step specify:              │
│    - which robot (G1 or Go2)                                                 │
│    - the exact action (use g1_list_tasks and go2_list_locations     tools    │
│  to check available options)                                                 │
│    - any relevant parameters (location name, task name)                      │
│                                                                              │
│  Format:                                                                     │
│    Step 1 – <Robot>: <action>                                                │
│    Step 2 – <Robot>: <action>                                                │
│    ...                                                                       │
│  If the request cannot be fulfilled with the available actions, explain      │
│  why.                                                                        │
│                                                                              │
│  Return ONLY JSON: {"workflow_family": one of                                │
│  ["handover","carry","navigation_only","manipulation_only"], "steps":        │
│  [{"robot":"g1"|"go2","skill":str,"args":{}}]}.                              │
│                                                                              │
│  Example of the required JSON shape (placeholder names, do not copy them):   │
│  {"workflow_family": "carry", "steps": [{"robot": "g1", "skill":             │
│  "<g1_skill>", "args": {}}, {"robot": "go2", "skill":                        │
│  "navigate_to_location", "args": {"location": "<loc>"}}]}                    │
│                                                                              │
│  Available G1 skills (use these EXACT names, do not invent others):          │
│  grab_from_table, hand_over, place_on_table, wave.                           │
│  Go2 skill: navigate_to_location.                                            │
│  Valid Go2 location names (use these EXACT names): charging, dropoff,        │
│  pickup, room_a, room_b, start, table_a, table_b.                            │
│  Workflow contracts (choose exactly ONE family and follow its ordering):     │
│  - handover: a single G1 hand_over step; NO Go2 step.                        │
│  - manipulation_only: a single G1 skill; NO Go2 step.                        │
│  - navigation_only: a single Go2 navigate_to_location step; NO G1 step.      │
│  - carry: G1 grab_from_table, then G1 place_on_table (loads onto Go2), then  │
│  Go2 navigate_to_location. Go2 must NOT navigate before the load step.       │
│                                                                              │
╰──────────────────────────────────────────────────────────────────────────────╯

[35m[Finalize] todos_count=0, todos_with_results=0[0m
╭─────────────────────────── ✅ Agent Final Answer ────────────────────────────╮
│                                                                              │
│  Agent: Task Router                                                          │
│                                                                              │
│  Final Answer:                                                               │
│  {"workflow_family":"manipulation_only","steps":[{"robot":"g1","skill":"gra  │
│  b_from_table","args":{"object":"red cube","location":"table"}}]}            │
│                                                                              │
╰──────────────────────────────────────────────────────────────────────────────╯

╭────────────────────────────── 🤖 Agent Started ──────────────────────────────╮
│                                                                              │
│  Agent: Task Router                                                          │
│                                                                              │
│  Task: A human has given the following request:                              │
│                                                                              │
│    "carry the red cube to the rooftop helipad"                               │
│                                                                              │
│  Analyse it and produce an ordered plan. For each step specify:              │
│    - which robot (G1 or Go2)                                                 │
│    - the exact action (use g1_list_tasks and go2_list_locations     tools    │
│  to check available options)                                                 │
│    - any relevant parameters (location name, task name)                      │
│                                                                              │
│  Format:                                                                     │
│    Step 1 – <Robot>: <action>                                                │
│    Step 2 – <Robot>: <action>                                                │
│    ...                                                                       │
│  If the request cannot be fulfilled with the available actions, explain      │
│  why.                                                                        │
│                                                                              │
│  Return ONLY JSON: {"workflow_family": one of                                │
│  ["handover","carry","navigation_only","manipulation_only"], "steps":        │
│  [{"robot":"g1"|"go2","skill":str,"args":{}}]}.                              │
│                                                                              │
│  Example of the required JSON shape (placeholder names, do not copy them):   │
│  {"workflow_family": "carry", "steps": [{"robot": "g1", "skill":             │
│  "<g1_skill>", "args": {}}, {"robot": "go2", "skill":                        │
│  "navigate_to_location", "args": {"location": "<loc>"}}]}                    │
│                                                                              │
│  Available G1 skills (use these EXACT names, do not invent others):          │
│  grab_from_table, hand_over, place_on_table, wave.                           │
│  Go2 skill: navigate_to_location.                                            │
│  Valid Go2 location names (use these EXACT names): charging, dropoff,        │
│  pickup, room_a, room_b, start, table_a, table_b.                            │
│  Workflow contracts (choose exactly ONE family and follow its ordering):     │
│  - handover: a single G1 hand_over step; NO Go2 step.                        │
│  - manipulation_only: a single G1 skill; NO Go2 step.                        │
│  - navigation_only: a single Go2 navigate_to_location step; NO G1 step.      │
│  - carry: G1 grab_from_table, then G1 place_on_table (loads onto Go2), then  │
│  Go2 navigate_to_location. Go2 must NOT navigate before the load step.       │
│                                                                              │
╰──────────────────────────────────────────────────────────────────────────────╯

[32mTool g1_list_tasks executed with result: Available G1 tasks: grab_from_table, place_on_table, wave, hand_over...[0m
[32mTool go2_list_locations executed with result: Available Go2 locations: start, table_a, table_b, room_a, room_b, charging, pickup, dropoff...[0m
[35m[Finalize] todos_count=0, todos_with_results=0[0m
╭─────────────────────────── ✅ Agent Final Answer ────────────────────────────╮
│                                                                              │
│  Agent: Task Router                                                          │
│                                                                              │
│  Final Answer:                                                               │
│  {"workflow_family":"carry","steps":[{"robot":"g1","skill":"grab_from_table  │
│  ","args":{"object":"red                                                     │
│  cube"}},{"robot":"g1","skill":"place_on_table","args":{"location":"pickup"  │
│  }},{"robot":"go2","skill":"navigate_to_location","args":{"location":"dropo  │
│  ff"}}]}                                                                     │
│                                                                              │
╰──────────────────────────────────────────────────────────────────────────────╯

╭────────────────────────────── 🤖 Agent Started ──────────────────────────────╮
│                                                                              │
│  Agent: Task Router                                                          │
│                                                                              │
│  Task: A human has given the following request:                              │
│                                                                              │
│    "carry the red cube to the rooftop helipad"                               │
│                                                                              │
│  Analyse it and produce an ordered plan. For each step specify:              │
│    - which robot (G1 or Go2)                                                 │
│    - the exact action (use g1_list_tasks and go2_list_locations     tools    │
│  to check available options)                                                 │
│    - any relevant parameters (location name, task name)                      │
│                                                                              │
│  Format:                                                                     │
│    Step 1 – <Robot>: <action>                                                │
│    Step 2 – <Robot>: <action>                                                │
│    ...                                                                       │
│  If the request cannot be fulfilled with the available actions, explain      │
│  why.                                                                        │
│                                                                              │
│  Return ONLY JSON: {"workflow_family": one of                                │
│  ["handover","carry","navigation_only","manipulation_only"], "steps":        │
│  [{"robot":"g1"|"go2","skill":str,"args":{}}]}.                              │
│                                                                              │
│  Example of the required JSON shape (placeholder names, do not copy them):   │
│  {"workflow_family": "carry", "steps": [{"robot": "g1", "skill":             │
│  "<g1_skill>", "args": {}}, {"robot": "go2", "skill":                        │
│  "navigate_to_location", "args": {"location": "<loc>"}}]}                    │
│                                                                              │
│  Available G1 skills (use these EXACT names, do not invent others):          │
│  grab_from_table, hand_over, place_on_table, wave.                           │
│  Go2 skill: navigate_to_location.                                            │
│  Valid Go2 location names (use these EXACT names): charging, dropoff,        │
│  pickup, room_a, room_b, start, table_a, table_b.                            │
│  Workflow contracts (choose exactly ONE family and follow its ordering):     │
│  - handover: a single G1 hand_over step; NO Go2 step.                        │
│  - manipulation_only: a single G1 skill; NO Go2 step.                        │
│  - navigation_only: a single Go2 navigate_to_location step; NO G1 step.      │
│  - carry: G1 grab_from_table, then G1 place_on_table (loads onto Go2), then  │
│  Go2 navigate_to_location. Go2 must NOT navigate before the load step.       │
│                                                                              │
│  Your previous plan was REJECTED (violations: substituted_location).         │
│  Produce a corrected plan using ONLY valid skill/location names and the      │
│  correct workflow family and ordering.                                       │
│                                                                              │
╰──────────────────────────────────────────────────────────────────────────────╯

[32mTool g1_list_tasks executed with result: Available G1 tasks: grab_from_table, place_on_table, wave, hand_over...[0m
[32mTool go2_list_locations executed with result: Available Go2 locations: start, table_a, table_b, room_a, room_b, charging, pickup, dropoff...[0m
[35m[Finalize] todos_count=0, todos_with_results=0[0m
╭─────────────────────────── ✅ Agent Final Answer ────────────────────────────╮
│                                                                              │
│  Agent: Task Router                                                          │
│                                                                              │
│  Final Answer:                                                               │
│  {"workflow_family":"carry","steps":[{"robot":"g1","skill":"grab_from_table  │
│  ","args":{"object":"red                                                     │
│  cube","location":"pickup"}},{"robot":"g1","skill":"place_on_table","args":  │
│  {"location":"dropoff"}},{"robot":"go2","skill":"navigate_to_location","arg  │
│  s":{"location":"dropoff"}}]}                                                │
│                                                                              │
╰──────────────────────────────────────────────────────────────────────────────╯

╭────────────────────────────── 🤖 Agent Started ──────────────────────────────╮
│                                                                              │
│  Agent: Task Router                                                          │
│                                                                              │
│  Task: A human has given the following request:                              │
│                                                                              │
│    "take the bottle to the server room"                                      │
│                                                                              │
│  Analyse it and produce an ordered plan. For each step specify:              │
│    - which robot (G1 or Go2)                                                 │
│    - the exact action (use g1_list_tasks and go2_list_locations     tools    │
│  to check available options)                                                 │
│    - any relevant parameters (location name, task name)                      │
│                                                                              │
│  Format:                                                                     │
│    Step 1 – <Robot>: <action>                                                │
│    Step 2 – <Robot>: <action>                                                │
│    ...                                                                       │
│  If the request cannot be fulfilled with the available actions, explain      │
│  why.                                                                        │
│                                                                              │
│  Return ONLY JSON: {"workflow_family": one of                                │
│  ["handover","carry","navigation_only","manipulation_only"], "steps":        │
│  [{"robot":"g1"|"go2","skill":str,"args":{}}]}.                              │
│                                                                              │
│  Example of the required JSON shape (placeholder names, do not copy them):   │
│  {"workflow_family": "carry", "steps": [{"robot": "g1", "skill":             │
│  "<g1_skill>", "args": {}}, {"robot": "go2", "skill":                        │
│  "navigate_to_location", "args": {"location": "<loc>"}}]}                    │
│                                                                              │
│  Available G1 skills (use these EXACT names, do not invent others):          │
│  grab_from_table, hand_over, place_on_table, wave.                           │
│  Go2 skill: navigate_to_location.                                            │
│  Valid Go2 location names (use these EXACT names): charging, dropoff,        │
│  pickup, room_a, room_b, start, table_a, table_b.                            │
│  Workflow contracts (choose exactly ONE family and follow its ordering):     │
│  - handover: a single G1 hand_over step; NO Go2 step.                        │
│  - manipulation_only: a single G1 skill; NO Go2 step.                        │
│  - navigation_only: a single Go2 navigate_to_location step; NO G1 step.      │
│  - carry: G1 grab_from_table, then G1 place_on_table (loads onto Go2), then  │
│  Go2 navigate_to_location. Go2 must NOT navigate before the load step.       │
│                                                                              │
╰──────────────────────────────────────────────────────────────────────────────╯

[32mTool g1_list_tasks executed with result: Available G1 tasks: grab_from_table, place_on_table, wave, hand_over...[0m
[32mTool go2_list_locations executed with result: Available Go2 locations: start, table_a, table_b, room_a, room_b, charging, pickup, dropoff...[0m
[35m[Finalize] todos_count=0, todos_with_results=0[0m
╭─────────────────────────── ✅ Agent Final Answer ────────────────────────────╮
│                                                                              │
│  Agent: Task Router                                                          │
│                                                                              │
│  Final Answer:                                                               │
│  {"workflow_family":"carry","steps":[{"robot":"g1","skill":"grab_from_table  │
│  ","args":{}},{"robot":"g1","skill":"place_on_table","args":{}},{"robot":"g  │
│  o2","skill":"navigate_to_location","args":{"location":"room_b"}}]}          │
│                                                                              │
╰──────────────────────────────────────────────────────────────────────────────╯

╭────────────────────────────── 🤖 Agent Started ──────────────────────────────╮
│                                                                              │
│  Agent: Task Router                                                          │
│                                                                              │
│  Task: A human has given the following request:                              │
│                                                                              │
│    "take the bottle to the server room"                                      │
│                                                                              │
│  Analyse it and produce an ordered plan. For each step specify:              │
│    - which robot (G1 or Go2)                                                 │
│    - the exact action (use g1_list_tasks and go2_list_locations     tools    │
│  to check available options)                                                 │
│    - any relevant parameters (location name, task name)                      │
│                                                                              │
│  Format:                                                                     │
│    Step 1 – <Robot>: <action>                                                │
│    Step 2 – <Robot>: <action>                                                │
│    ...                                                                       │
│  If the request cannot be fulfilled with the available actions, explain      │
│  why.                                                                        │
│                                                                              │
│  Return ONLY JSON: {"workflow_family": one of                                │
│  ["handover","carry","navigation_only","manipulation_only"], "steps":        │
│  [{"robot":"g1"|"go2","skill":str,"args":{}}]}.                              │
│                                                                              │
│  Example of the required JSON shape (placeholder names, do not copy them):   │
│  {"workflow_family": "carry", "steps": [{"robot": "g1", "skill":             │
│  "<g1_skill>", "args": {}}, {"robot": "go2", "skill":                        │
│  "navigate_to_location", "args": {"location": "<loc>"}}]}                    │
│                                                                              │
│  Available G1 skills (use these EXACT names, do not invent others):          │
│  grab_from_table, hand_over, place_on_table, wave.                           │
│  Go2 skill: navigate_to_location.                                            │
│  Valid Go2 location names (use these EXACT names): charging, dropoff,        │
│  pickup, room_a, room_b, start, table_a, table_b.                            │
│  Workflow contracts (choose exactly ONE family and follow its ordering):     │
│  - handover: a single G1 hand_over step; NO Go2 step.                        │
│  - manipulation_only: a single G1 skill; NO Go2 step.                        │
│  - navigation_only: a single Go2 navigate_to_location step; NO G1 step.      │
│  - carry: G1 grab_from_table, then G1 place_on_table (loads onto Go2), then  │
│  Go2 navigate_to_location. Go2 must NOT navigate before the load step.       │
│                                                                              │
│  Your previous plan was REJECTED (violations: substituted_location).         │
│  Produce a corrected plan using ONLY valid skill/location names and the      │
│  correct workflow family and ordering.                                       │
│                                                                              │
╰──────────────────────────────────────────────────────────────────────────────╯

[35m[Finalize] todos_count=0, todos_with_results=0[0m
╭─────────────────────────── ✅ Agent Final Answer ────────────────────────────╮
│                                                                              │
│  Agent: Task Router                                                          │
│                                                                              │
│  Final Answer:                                                               │
│  {"workflow_family":"navigation_only","steps":[{"robot":"go2","skill":"navi  │
│  gate_to_location","args":{"location":"room_b"}}]}                           │
│                                                                              │
╰──────────────────────────────────────────────────────────────────────────────╯

╭────────────────────────────── 🤖 Agent Started ──────────────────────────────╮
│                                                                              │
│  Agent: Task Router                                                          │
│                                                                              │
│  Task: A human has given the following request:                              │
│                                                                              │
│    "go to the loading dock"                                                  │
│                                                                              │
│  Analyse it and produce an ordered plan. For each step specify:              │
│    - which robot (G1 or Go2)                                                 │
│    - the exact action (use g1_list_tasks and go2_list_locations     tools    │
│  to check available options)                                                 │
│    - any relevant parameters (location name, task name)                      │
│                                                                              │
│  Format:                                                                     │
│    Step 1 – <Robot>: <action>                                                │
│    Step 2 – <Robot>: <action>                                                │
│    ...                                                                       │
│  If the request cannot be fulfilled with the available actions, explain      │
│  why.                                                                        │
│                                                                              │
│  Return ONLY JSON: {"workflow_family": one of                                │
│  ["handover","carry","navigation_only","manipulation_only"], "steps":        │
│  [{"robot":"g1"|"go2","skill":str,"args":{}}]}.                              │
│                                                                              │
│  Example of the required JSON shape (placeholder names, do not copy them):   │
│  {"workflow_family": "carry", "steps": [{"robot": "g1", "skill":             │
│  "<g1_skill>", "args": {}}, {"robot": "go2", "skill":                        │
│  "navigate_to_location", "args": {"location": "<loc>"}}]}                    │
│                                                                              │
│  Available G1 skills (use these EXACT names, do not invent others):          │
│  grab_from_table, hand_over, place_on_table, wave.                           │
│  Go2 skill: navigate_to_location.                                            │
│  Valid Go2 location names (use these EXACT names): charging, dropoff,        │
│  pickup, room_a, room_b, start, table_a, table_b.                            │
│  Workflow contracts (choose exactly ONE family and follow its ordering):     │
│  - handover: a single G1 hand_over step; NO Go2 step.                        │
│  - manipulation_only: a single G1 skill; NO Go2 step.                        │
│  - navigation_only: a single Go2 navigate_to_location step; NO G1 step.      │
│  - carry: G1 grab_from_table, then G1 place_on_table (loads onto Go2), then  │
│  Go2 navigate_to_location. Go2 must NOT navigate before the load step.       │
│                                                                              │
╰──────────────────────────────────────────────────────────────────────────────╯

[32mTool go2_list_locations executed with result: Available Go2 locations: start, table_a, table_b, room_a, room_b, charging, pickup, dropoff...[0m
[35m[Finalize] todos_count=0, todos_with_results=0[0m
╭─────────────────────────── ✅ Agent Final Answer ────────────────────────────╮
│                                                                              │
│  Agent: Task Router                                                          │
│                                                                              │
│  Final Answer:                                                               │
│  {"workflow_family":"navigation_only","steps":[{"robot":"go2","skill":"navi  │
│  gate_to_location","args":{"location":"dropoff"}}]}                          │
│                                                                              │
╰──────────────────────────────────────────────────────────────────────────────╯

╭────────────────────────────── 🤖 Agent Started ──────────────────────────────╮
│                                                                              │
│  Agent: Task Router                                                          │
│                                                                              │
│  Task: A human has given the following request:                              │
│                                                                              │
│    "go to the loading dock"                                                  │
│                                                                              │
│  Analyse it and produce an ordered plan. For each step specify:              │
│    - which robot (G1 or Go2)                                                 │
│    - the exact action (use g1_list_tasks and go2_list_locations     tools    │
│  to check available options)                                                 │
│    - any relevant parameters (location name, task name)                      │
│                                                                              │
│  Format:                                                                     │
│    Step 1 – <Robot>: <action>                                                │
│    Step 2 – <Robot>: <action>                                                │
│    ...                                                                       │
│  If the request cannot be fulfilled with the available actions, explain      │
│  why.                                                                        │
│                                                                              │
│  Return ONLY JSON: {"workflow_family": one of                                │
│  ["handover","carry","navigation_only","manipulation_only"], "steps":        │
│  [{"robot":"g1"|"go2","skill":str,"args":{}}]}.                              │
│                                                                              │
│  Example of the required JSON shape (placeholder names, do not copy them):   │
│  {"workflow_family": "carry", "steps": [{"robot": "g1", "skill":             │
│  "<g1_skill>", "args": {}}, {"robot": "go2", "skill":                        │
│  "navigate_to_location", "args": {"location": "<loc>"}}]}                    │
│                                                                              │
│  Available G1 skills (use these EXACT names, do not invent others):          │
│  grab_from_table, hand_over, place_on_table, wave.                           │
│  Go2 skill: navigate_to_location.                                            │
│  Valid Go2 location names (use these EXACT names): charging, dropoff,        │
│  pickup, room_a, room_b, start, table_a, table_b.                            │
│  Workflow contracts (choose exactly ONE family and follow its ordering):     │
│  - handover: a single G1 hand_over step; NO Go2 step.                        │
│  - manipulation_only: a single G1 skill; NO Go2 step.                        │
│  - navigation_only: a single Go2 navigate_to_location step; NO G1 step.      │
│  - carry: G1 grab_from_table, then G1 place_on_table (loads onto Go2), then  │
│  Go2 navigate_to_location. Go2 must NOT navigate before the load step.       │
│                                                                              │
│  Your previous plan was REJECTED (violations: substituted_location).         │
│  Produce a corrected plan using ONLY valid skill/location names and the      │
│  correct workflow family and ordering.                                       │
│                                                                              │
╰──────────────────────────────────────────────────────────────────────────────╯

[35m[Finalize] todos_count=0, todos_with_results=0[0m
╭─────────────────────────── ✅ Agent Final Answer ────────────────────────────╮
│                                                                              │
│  Agent: Task Router                                                          │
│                                                                              │
│  Final Answer:                                                               │
│  {"workflow_family":"navigation_only","steps":[{"robot":"go2","skill":"navi  │
│  gate_to_location","args":{"location":"dropoff"}}]}                          │
│                                                                              │
╰──────────────────────────────────────────────────────────────────────────────╯

╭────────────────────────────── 🤖 Agent Started ──────────────────────────────╮
│                                                                              │
│  Agent: Task Router                                                          │
│                                                                              │
│  Task: A human has given the following request:                              │
│                                                                              │
│    "navigate to the parking garage"                                          │
│                                                                              │
│  Analyse it and produce an ordered plan. For each step specify:              │
│    - which robot (G1 or Go2)                                                 │
│    - the exact action (use g1_list_tasks and go2_list_locations     tools    │
│  to check available options)                                                 │
│    - any relevant parameters (location name, task name)                      │
│                                                                              │
│  Format:                                                                     │
│    Step 1 – <Robot>: <action>                                                │
│    Step 2 – <Robot>: <action>                                                │
│    ...                                                                       │
│  If the request cannot be fulfilled with the available actions, explain      │
│  why.                                                                        │
│                                                                              │
│  Return ONLY JSON: {"workflow_family": one of                                │
│  ["handover","carry","navigation_only","manipulation_only"], "steps":        │
│  [{"robot":"g1"|"go2","skill":str,"args":{}}]}.                              │
│                                                                              │
│  Example of the required JSON shape (placeholder names, do not copy them):   │
│  {"workflow_family": "carry", "steps": [{"robot": "g1", "skill":             │
│  "<g1_skill>", "args": {}}, {"robot": "go2", "skill":                        │
│  "navigate_to_location", "args": {"location": "<loc>"}}]}                    │
│                                                                              │
│  Available G1 skills (use these EXACT names, do not invent others):          │
│  grab_from_table, hand_over, place_on_table, wave.                           │
│  Go2 skill: navigate_to_location.                                            │
│  Valid Go2 location names (use these EXACT names): charging, dropoff,        │
│  pickup, room_a, room_b, start, table_a, table_b.                            │
│  Workflow contracts (choose exactly ONE family and follow its ordering):     │
│  - handover: a single G1 hand_over step; NO Go2 step.                        │
│  - manipulation_only: a single G1 skill; NO Go2 step.                        │
│  - navigation_only: a single Go2 navigate_to_location step; NO G1 step.      │
│  - carry: G1 grab_from_table, then G1 place_on_table (loads onto Go2), then  │
│  Go2 navigate_to_location. Go2 must NOT navigate before the load step.       │
│                                                                              │
╰──────────────────────────────────────────────────────────────────────────────╯

[32mTool g1_list_tasks executed with result: Available G1 tasks: grab_from_table, place_on_table, wave, hand_over...[0m
[32mTool go2_list_locations executed with result: Available Go2 locations: start, table_a, table_b, room_a, room_b, charging, pickup, dropoff...[0m
[35m[Finalize] todos_count=0, todos_with_results=0[0m
╭─────────────────────────── ✅ Agent Final Answer ────────────────────────────╮
│                                                                              │
│  Agent: Task Router                                                          │
│                                                                              │
│  Final Answer:                                                               │
│  {"workflow_family":"navigation_only","steps":[{"robot":"go2","skill":"navi  │
│  gate_to_location","args":{"location":"parking_garage"}}]}                   │
│                                                                              │
╰──────────────────────────────────────────────────────────────────────────────╯

╭────────────────────────────── 🤖 Agent Started ──────────────────────────────╮
│                                                                              │
│  Agent: Task Router                                                          │
│                                                                              │
│  Task: A human has given the following request:                              │
│                                                                              │
│    "navigate to the parking garage"                                          │
│                                                                              │
│  Analyse it and produce an ordered plan. For each step specify:              │
│    - which robot (G1 or Go2)                                                 │
│    - the exact action (use g1_list_tasks and go2_list_locations     tools    │
│  to check available options)                                                 │
│    - any relevant parameters (location name, task name)                      │
│                                                                              │
│  Format:                                                                     │
│    Step 1 – <Robot>: <action>                                                │
│    Step 2 – <Robot>: <action>                                                │
│    ...                                                                       │
│  If the request cannot be fulfilled with the available actions, explain      │
│  why.                                                                        │
│                                                                              │
│  Return ONLY JSON: {"workflow_family": one of                                │
│  ["handover","carry","navigation_only","manipulation_only"], "steps":        │
│  [{"robot":"g1"|"go2","skill":str,"args":{}}]}.                              │
│                                                                              │
│  Example of the required JSON shape (placeholder names, do not copy them):   │
│  {"workflow_family": "carry", "steps": [{"robot": "g1", "skill":             │
│  "<g1_skill>", "args": {}}, {"robot": "go2", "skill":                        │
│  "navigate_to_location", "args": {"location": "<loc>"}}]}                    │
│                                                                              │
│  Available G1 skills (use these EXACT names, do not invent others):          │
│  grab_from_table, hand_over, place_on_table, wave.                           │
│  Go2 skill: navigate_to_location.                                            │
│  Valid Go2 location names (use these EXACT names): charging, dropoff,        │
│  pickup, room_a, room_b, start, table_a, table_b.                            │
│  Workflow contracts (choose exactly ONE family and follow its ordering):     │
│  - handover: a single G1 hand_over step; NO Go2 step.                        │
│  - manipulation_only: a single G1 skill; NO Go2 step.                        │
│  - navigation_only: a single Go2 navigate_to_location step; NO G1 step.      │
│  - carry: G1 grab_from_table, then G1 place_on_table (loads onto Go2), then  │
│  Go2 navigate_to_location. Go2 must NOT navigate before the load step.       │
│                                                                              │
│  Your previous plan was REJECTED (violations: unknown_location). Produce a   │
│  corrected plan using ONLY valid skill/location names and the correct        │
│  workflow family and ordering.                                               │
│                                                                              │
╰──────────────────────────────────────────────────────────────────────────────╯

[32mTool go2_list_locations executed with result: Available Go2 locations: start, table_a, table_b, room_a, room_b, charging, pickup, dropoff...[0m
[35m[Finalize] todos_count=0, todos_with_results=0[0m
╭─────────────────────────── ✅ Agent Final Answer ────────────────────────────╮
│                                                                              │
│  Agent: Task Router                                                          │
│                                                                              │
│  Final Answer:                                                               │
│  {"workflow_family":"navigation_only","steps":[{"robot":"go2","skill":"navi  │
│  gate_to_location","args":{"location":"dropoff"}}]}                          │
│                                                                              │
╰──────────────────────────────────────────────────────────────────────────────╯

╭────────────────────────────── 🤖 Agent Started ──────────────────────────────╮
│                                                                              │
│  Agent: Task Router                                                          │
│                                                                              │
│  Task: A human has given the following request:                              │
│                                                                              │
│    "bring the red cube to room_b"                                            │
│                                                                              │
│  Analyse it and produce an ordered plan. For each step specify:              │
│    - which robot (G1 or Go2)                                                 │
│    - the exact action (use g1_list_tasks and go2_list_locations     tools    │
│  to check available options)                                                 │
│    - any relevant parameters (location name, task name)                      │
│                                                                              │
│  Format:                                                                     │
│    Step 1 – <Robot>: <action>                                                │
│    Step 2 – <Robot>: <action>                                                │
│    ...                                                                       │
│  If the request cannot be fulfilled with the available actions, explain      │
│  why.                                                                        │
│                                                                              │
│  Return ONLY JSON: {"workflow_family": one of                                │
│  ["handover","carry","navigation_only","manipulation_only"], "steps":        │
│  [{"robot":"g1"|"go2","skill":str,"args":{}}]}.                              │
│                                                                              │
│  Example of the required JSON shape (placeholder names, do not copy them):   │
│  {"workflow_family": "carry", "steps": [{"robot": "g1", "skill":             │
│  "<g1_skill>", "args": {}}, {"robot": "go2", "skill":                        │
│  "navigate_to_location", "args": {"location": "<loc>"}}]}                    │
│                                                                              │
│  Available G1 skills (use these EXACT names, do not invent others):          │
│  grab_from_table, hand_over, place_on_table, wave.                           │
│  Go2 skill: navigate_to_location.                                            │
│  Valid Go2 location names (use these EXACT names): charging, dropoff,        │
│  pickup, room_a, room_b, start, table_a, table_b.                            │
│  Workflow contracts (choose exactly ONE family and follow its ordering):     │
│  - handover: a single G1 hand_over step; NO Go2 step.                        │
│  - manipulation_only: a single G1 skill; NO Go2 step.                        │
│  - navigation_only: a single Go2 navigate_to_location step; NO G1 step.      │
│  - carry: G1 grab_from_table, then G1 place_on_table (loads onto Go2), then  │
│  Go2 navigate_to_location. Go2 must NOT navigate before the load step.       │
│                                                                              │
╰──────────────────────────────────────────────────────────────────────────────╯

[32mTool g1_list_tasks executed with result: Available G1 tasks: grab_from_table, place_on_table, wave, hand_over...[0m
[32mTool go2_list_locations executed with result: Available Go2 locations: start, table_a, table_b, room_a, room_b, charging, pickup, dropoff...[0m
[35m[Finalize] todos_count=0, todos_with_results=0[0m
╭─────────────────────────── ✅ Agent Final Answer ────────────────────────────╮
│                                                                              │
│  Agent: Task Router                                                          │
│                                                                              │
│  Final Answer:                                                               │
│  {"workflow_family":"carry","steps":[{"robot":"g1","skill":"grab_from_table  │
│  ","args":{"object":"red                                                     │
│  cube","location":"table_a"}},{"robot":"g1","skill":"place_on_table","args"  │
│  :{"location":"dropoff"}},{"robot":"go2","skill":"navigate_to_location","ar  │
│  gs":{"location":"room_b"}}]}                                                │
│                                                                              │
╰──────────────────────────────────────────────────────────────────────────────╯

╭────────────────────────────── 🤖 Agent Started ──────────────────────────────╮
│                                                                              │
│  Agent: Task Router                                                          │
│                                                                              │
│  Task: A human has given the following request:                              │
│                                                                              │
│    "bring the red cube to room_b"                                            │
│                                                                              │
│  Analyse it and produce an ordered plan. For each step specify:              │
│    - which robot (G1 or Go2)                                                 │
│    - the exact action (use g1_list_tasks and go2_list_locations     tools    │
│  to check available options)                                                 │
│    - any relevant parameters (location name, task name)                      │
│                                                                              │
│  Format:                                                                     │
│    Step 1 – <Robot>: <action>                                                │
│    Step 2 – <Robot>: <action>                                                │
│    ...                                                                       │
│  If the request cannot be fulfilled with the available actions, explain      │
│  why.                                                                        │
│                                                                              │
│  Return ONLY JSON: {"workflow_family": one of                                │
│  ["handover","carry","navigation_only","manipulation_only"], "steps":        │
│  [{"robot":"g1"|"go2","skill":str,"args":{}}]}.                              │
│                                                                              │
│  Example of the required JSON shape (placeholder names, do not copy them):   │
│  {"workflow_family": "carry", "steps": [{"robot": "g1", "skill":             │
│  "<g1_skill>", "args": {}}, {"robot": "go2", "skill":                        │
│  "navigate_to_location", "args": {"location": "<loc>"}}]}                    │
│                                                                              │
│  Available G1 skills (use these EXACT names, do not invent others):          │
│  grab_from_table, hand_over, place_on_table, wave.                           │
│  Go2 skill: navigate_to_location.                                            │
│  Valid Go2 location names (use these EXACT names): charging, dropoff,        │
│  pickup, room_a, room_b, start, table_a, table_b.                            │
│  Workflow contracts (choose exactly ONE family and follow its ordering):     │
│  - handover: a single G1 hand_over step; NO Go2 step.                        │
│  - manipulation_only: a single G1 skill; NO Go2 step.                        │
│  - navigation_only: a single Go2 navigate_to_location step; NO G1 step.      │
│  - carry: G1 grab_from_table, then G1 place_on_table (loads onto Go2), then  │
│  Go2 navigate_to_location. Go2 must NOT navigate before the load step.       │
│                                                                              │
│  Your previous plan was REJECTED (violations: robot_busy). Produce a         │
│  corrected plan using ONLY valid skill/location names and the correct        │
│  workflow family and ordering.                                               │
│                                                                              │
╰──────────────────────────────────────────────────────────────────────────────╯

[35m[Finalize] todos_count=0, todos_with_results=0[0m
╭─────────────────────────── ✅ Agent Final Answer ────────────────────────────╮
│                                                                              │
│  Agent: Task Router                                                          │
│                                                                              │
│  Final Answer:                                                               │
│  {"workflow_family":"carry","steps":[{"robot":"g1","skill":"grab_from_table  │
│  ","args":{"object":"red                                                     │
│  cube"}},{"robot":"g1","skill":"place_on_table","args":{"location":"table_a  │
│  "}},{"robot":"go2","skill":"navigate_to_location","args":{"location":"room  │
│  _b"}}]}                                                                     │
│                                                                              │
╰──────────────────────────────────────────────────────────────────────────────╯

╭────────────────────────────── 🤖 Agent Started ──────────────────────────────╮
│                                                                              │
│  Agent: Task Router                                                          │
│                                                                              │
│  Task: A human has given the following request:                              │
│                                                                              │
│    "go to charging"                                                          │
│                                                                              │
│  Analyse it and produce an ordered plan. For each step specify:              │
│    - which robot (G1 or Go2)                                                 │
│    - the exact action (use g1_list_tasks and go2_list_locations     tools    │
│  to check available options)                                                 │
│    - any relevant parameters (location name, task name)                      │
│                                                                              │
│  Format:                                                                     │
│    Step 1 – <Robot>: <action>                                                │
│    Step 2 – <Robot>: <action>                                                │
│    ...                                                                       │
│  If the request cannot be fulfilled with the available actions, explain      │
│  why.                                                                        │
│                                                                              │
│  Return ONLY JSON: {"workflow_family": one of                                │
│  ["handover","carry","navigation_only","manipulation_only"], "steps":        │
│  [{"robot":"g1"|"go2","skill":str,"args":{}}]}.                              │
│                                                                              │
│  Example of the required JSON shape (placeholder names, do not copy them):   │
│  {"workflow_family": "carry", "steps": [{"robot": "g1", "skill":             │
│  "<g1_skill>", "args": {}}, {"robot": "go2", "skill":                        │
│  "navigate_to_location", "args": {"location": "<loc>"}}]}                    │
│                                                                              │
│  Available G1 skills (use these EXACT names, do not invent others):          │
│  grab_from_table, hand_over, place_on_table, wave.                           │
│  Go2 skill: navigate_to_location.                                            │
│  Valid Go2 location names (use these EXACT names): charging, dropoff,        │
│  pickup, room_a, room_b, start, table_a, table_b.                            │
│  Workflow contracts (choose exactly ONE family and follow its ordering):     │
│  - handover: a single G1 hand_over step; NO Go2 step.                        │
│  - manipulation_only: a single G1 skill; NO Go2 step.                        │
│  - navigation_only: a single Go2 navigate_to_location step; NO G1 step.      │
│  - carry: G1 grab_from_table, then G1 place_on_table (loads onto Go2), then  │
│  Go2 navigate_to_location. Go2 must NOT navigate before the load step.       │
│                                                                              │
╰──────────────────────────────────────────────────────────────────────────────╯

[35m[Finalize] todos_count=0, todos_with_results=0[0m
╭─────────────────────────── ✅ Agent Final Answer ────────────────────────────╮
│                                                                              │
│  Agent: Task Router                                                          │
│                                                                              │
│  Final Answer:                                                               │
│  {"workflow_family":"navigation_only","steps":[{"robot":"go2","skill":"navi  │
│  gate_to_location","args":{"location":"charging"}}]}                         │
│                                                                              │
╰──────────────────────────────────────────────────────────────────────────────╯

╭────────────────────────────── 🤖 Agent Started ──────────────────────────────╮
│                                                                              │
│  Agent: Task Router                                                          │
│                                                                              │
│  Task: A human has given the following request:                              │
│                                                                              │
│    "go to charging"                                                          │
│                                                                              │
│  Analyse it and produce an ordered plan. For each step specify:              │
│    - which robot (G1 or Go2)                                                 │
│    - the exact action (use g1_list_tasks and go2_list_locations     tools    │
│  to check available options)                                                 │
│    - any relevant parameters (location name, task name)                      │
│                                                                              │
│  Format:                                                                     │
│    Step 1 – <Robot>: <action>                                                │
│    Step 2 – <Robot>: <action>                                                │
│    ...                                                                       │
│  If the request cannot be fulfilled with the available actions, explain      │
│  why.                                                                        │
│                                                                              │
│  Return ONLY JSON: {"workflow_family": one of                                │
│  ["handover","carry","navigation_only","manipulation_only"], "steps":        │
│  [{"robot":"g1"|"go2","skill":str,"args":{}}]}.                              │
│                                                                              │
│  Example of the required JSON shape (placeholder names, do not copy them):   │
│  {"workflow_family": "carry", "steps": [{"robot": "g1", "skill":             │
│  "<g1_skill>", "args": {}}, {"robot": "go2", "skill":                        │
│  "navigate_to_location", "args": {"location": "<loc>"}}]}                    │
│                                                                              │
│  Available G1 skills (use these EXACT names, do not invent others):          │
│  grab_from_table, hand_over, place_on_table, wave.                           │
│  Go2 skill: navigate_to_location.                                            │
│  Valid Go2 location names (use these EXACT names): charging, dropoff,        │
│  pickup, room_a, room_b, start, table_a, table_b.                            │
│  Workflow contracts (choose exactly ONE family and follow its ordering):     │
│  - handover: a single G1 hand_over step; NO Go2 step.                        │
│  - manipulation_only: a single G1 skill; NO Go2 step.                        │
│  - navigation_only: a single Go2 navigate_to_location step; NO G1 step.      │
│  - carry: G1 grab_from_table, then G1 place_on_table (loads onto Go2), then  │
│  Go2 navigate_to_location. Go2 must NOT navigate before the load step.       │
│                                                                              │
│  Your previous plan was REJECTED (violations: robot_busy). Produce a         │
│  corrected plan using ONLY valid skill/location names and the correct        │
│  workflow family and ordering.                                               │
│                                                                              │
╰──────────────────────────────────────────────────────────────────────────────╯

[32mTool go2_list_locations executed with result: Available Go2 locations: start, table_a, table_b, room_a, room_b, charging, pickup, dropoff...[0m
[35m[Finalize] todos_count=0, todos_with_results=0[0m
╭─────────────────────────── ✅ Agent Final Answer ────────────────────────────╮
│                                                                              │
│  Agent: Task Router                                                          │
│                                                                              │
│  Final Answer:                                                               │
│  {"workflow_family":"navigation_only","steps":[{"robot":"go2","skill":"navi  │
│  gate_to_location","args":{"location":"charging"}}]}                         │
│                                                                              │
╰──────────────────────────────────────────────────────────────────────────────╯

╭────────────────────────────── 🤖 Agent Started ──────────────────────────────╮
│                                                                              │
│  Agent: Task Router                                                          │
│                                                                              │
│  Task: A human has given the following request:                              │
│                                                                              │
│    "I'm at the table, hand me the red cube"                                  │
│                                                                              │
│  Analyse it and produce an ordered plan. For each step specify:              │
│    - which robot (G1 or Go2)                                                 │
│    - the exact action (use g1_list_tasks and go2_list_locations     tools    │
│  to check available options)                                                 │
│    - any relevant parameters (location name, task name)                      │
│                                                                              │
│  Format:                                                                     │
│    Step 1 – <Robot>: <action>                                                │
│    Step 2 – <Robot>: <action>                                                │
│    ...                                                                       │
│  If the request cannot be fulfilled with the available actions, explain      │
│  why.                                                                        │
│                                                                              │
│  Return ONLY JSON: {"workflow_family": one of                                │
│  ["handover","carry","navigation_only","manipulation_only"], "steps":        │
│  [{"robot":"g1"|"go2","skill":str,"args":{}}]}.                              │
│                                                                              │
│  Example of the required JSON shape (placeholder names, do not copy them):   │
│  {"workflow_family": "carry", "steps": [{"robot": "g1", "skill":             │
│  "<g1_skill>", "args": {}}, {"robot": "go2", "skill":                        │
│  "navigate_to_location", "args": {"location": "<loc>"}}]}                    │
│                                                                              │
│  Available G1 skills (use these EXACT names, do not invent others):          │
│  grab_from_table, hand_over, place_on_table, wave.                           │
│  Go2 skill: navigate_to_location.                                            │
│  Valid Go2 location names (use these EXACT names): charging, dropoff,        │
│  pickup, room_a, room_b, start, table_a, table_b.                            │
│  Workflow contracts (choose exactly ONE family and follow its ordering):     │
│  - handover: a single G1 hand_over step; NO Go2 step.                        │
│  - manipulation_only: a single G1 skill; NO Go2 step.                        │
│  - navigation_only: a single Go2 navigate_to_location step; NO G1 step.      │
│  - carry: G1 grab_from_table, then G1 place_on_table (loads onto Go2), then  │
│  Go2 navigate_to_location. Go2 must NOT navigate before the load step.       │
│                                                                              │
╰──────────────────────────────────────────────────────────────────────────────╯

[35m[Finalize] todos_count=0, todos_with_results=0[0m
╭─────────────────────────── ✅ Agent Final Answer ────────────────────────────╮
│                                                                              │
│  Agent: Task Router                                                          │
│                                                                              │
│  Final Answer:                                                               │
│  {"workflow_family":"handover","steps":[{"robot":"g1","skill":"hand_over","  │
│  args":{}}]}                                                                 │
│                                                                              │
╰──────────────────────────────────────────────────────────────────────────────╯

╭────────────────────────────── 🤖 Agent Started ──────────────────────────────╮
│                                                                              │
│  Agent: Task Router                                                          │
│                                                                              │
│  Task: A human has given the following request:                              │
│                                                                              │
│    "I'm at the table, hand me the red cube"                                  │
│                                                                              │
│  Analyse it and produce an ordered plan. For each step specify:              │
│    - which robot (G1 or Go2)                                                 │
│    - the exact action (use g1_list_tasks and go2_list_locations     tools    │
│  to check available options)                                                 │
│    - any relevant parameters (location name, task name)                      │
│                                                                              │
│  Format:                                                                     │
│    Step 1 – <Robot>: <action>                                                │
│    Step 2 – <Robot>: <action>                                                │
│    ...                                                                       │
│  If the request cannot be fulfilled with the available actions, explain      │
│  why.                                                                        │
│                                                                              │
│  Return ONLY JSON: {"workflow_family": one of                                │
│  ["handover","carry","navigation_only","manipulation_only"], "steps":        │
│  [{"robot":"g1"|"go2","skill":str,"args":{}}]}.                              │
│                                                                              │
│  Example of the required JSON shape (placeholder names, do not copy them):   │
│  {"workflow_family": "carry", "steps": [{"robot": "g1", "skill":             │
│  "<g1_skill>", "args": {}}, {"robot": "go2", "skill":                        │
│  "navigate_to_location", "args": {"location": "<loc>"}}]}                    │
│                                                                              │
│  Available G1 skills (use these EXACT names, do not invent others):          │
│  grab_from_table, hand_over, place_on_table, wave.                           │
│  Go2 skill: navigate_to_location.                                            │
│  Valid Go2 location names (use these EXACT names): charging, dropoff,        │
│  pickup, room_a, room_b, start, table_a, table_b.                            │
│  Workflow contracts (choose exactly ONE family and follow its ordering):     │
│  - handover: a single G1 hand_over step; NO Go2 step.                        │
│  - manipulation_only: a single G1 skill; NO Go2 step.                        │
│  - navigation_only: a single Go2 navigate_to_location step; NO G1 step.      │
│  - carry: G1 grab_from_table, then G1 place_on_table (loads onto Go2), then  │
│  Go2 navigate_to_location. Go2 must NOT navigate before the load step.       │
│                                                                              │
│  Your previous plan was REJECTED (violations: robot_busy). Produce a         │
│  corrected plan using ONLY valid skill/location names and the correct        │
│  workflow family and ordering.                                               │
│                                                                              │
╰──────────────────────────────────────────────────────────────────────────────╯

[35m[Finalize] todos_count=0, todos_with_results=0[0m
╭─────────────────────────── ✅ Agent Final Answer ────────────────────────────╮
│                                                                              │
│  Agent: Task Router                                                          │
│                                                                              │
│  Final Answer:                                                               │
│  {"workflow_family":"handover","steps":[{"robot":"g1","skill":"hand_over","  │
│  args":{}}]}                                                                 │
│                                                                              │
╰──────────────────────────────────────────────────────────────────────────────╯

╭────────────────────────────── 🤖 Agent Started ──────────────────────────────╮
│                                                                              │
│  Agent: Task Router                                                          │
│                                                                              │
│  Task: A human has given the following request:                              │
│                                                                              │
│    "bring the block to table_a"                                              │
│                                                                              │
│  Analyse it and produce an ordered plan. For each step specify:              │
│    - which robot (G1 or Go2)                                                 │
│    - the exact action (use g1_list_tasks and go2_list_locations     tools    │
│  to check available options)                                                 │
│    - any relevant parameters (location name, task name)                      │
│                                                                              │
│  Format:                                                                     │
│    Step 1 – <Robot>: <action>                                                │
│    Step 2 – <Robot>: <action>                                                │
│    ...                                                                       │
│  If the request cannot be fulfilled with the available actions, explain      │
│  why.                                                                        │
│                                                                              │
│  Return ONLY JSON: {"workflow_family": one of                                │
│  ["handover","carry","navigation_only","manipulation_only"], "steps":        │
│  [{"robot":"g1"|"go2","skill":str,"args":{}}]}.                              │
│                                                                              │
│  Example of the required JSON shape (placeholder names, do not copy them):   │
│  {"workflow_family": "carry", "steps": [{"robot": "g1", "skill":             │
│  "<g1_skill>", "args": {}}, {"robot": "go2", "skill":                        │
│  "navigate_to_location", "args": {"location": "<loc>"}}]}                    │
│                                                                              │
│  Available G1 skills (use these EXACT names, do not invent others):          │
│  grab_from_table, hand_over, place_on_table, wave.                           │
│  Go2 skill: navigate_to_location.                                            │
│  Valid Go2 location names (use these EXACT names): charging, dropoff,        │
│  pickup, room_a, room_b, start, table_a, table_b.                            │
│  Workflow contracts (choose exactly ONE family and follow its ordering):     │
│  - handover: a single G1 hand_over step; NO Go2 step.                        │
│  - manipulation_only: a single G1 skill; NO Go2 step.                        │
│  - navigation_only: a single Go2 navigate_to_location step; NO G1 step.      │
│  - carry: G1 grab_from_table, then G1 place_on_table (loads onto Go2), then  │
│  Go2 navigate_to_location. Go2 must NOT navigate before the load step.       │
│                                                                              │
╰──────────────────────────────────────────────────────────────────────────────╯

[32mTool g1_list_tasks executed with result: Available G1 tasks: grab_from_table, place_on_table, wave, hand_over...[0m
[32mTool go2_list_locations executed with result: Available Go2 locations: start, table_a, table_b, room_a, room_b, charging, pickup, dropoff...[0m
[35m[Finalize] todos_count=0, todos_with_results=0[0m
╭─────────────────────────── ✅ Agent Final Answer ────────────────────────────╮
│                                                                              │
│  Agent: Task Router                                                          │
│                                                                              │
│  Final Answer:                                                               │
│  {"workflow_family":"carry","steps":[{"robot":"g1","skill":"grab_from_table  │
│  ","args":{}},{"robot":"g1","skill":"place_on_table","args":{"location":"ta  │
│  ble_a"}},{"robot":"go2","skill":"navigate_to_location","args":{"location":  │
│  "table_a"}}]}                                                               │
│                                                                              │
╰──────────────────────────────────────────────────────────────────────────────╯

╭────────────────────────────── 🤖 Agent Started ──────────────────────────────╮
│                                                                              │
│  Agent: Task Router                                                          │
│                                                                              │
│  Task: A human has given the following request:                              │
│                                                                              │
│    "bring the block to table_a"                                              │
│                                                                              │
│  Analyse it and produce an ordered plan. For each step specify:              │
│    - which robot (G1 or Go2)                                                 │
│    - the exact action (use g1_list_tasks and go2_list_locations     tools    │
│  to check available options)                                                 │
│    - any relevant parameters (location name, task name)                      │
│                                                                              │
│  Format:                                                                     │
│    Step 1 – <Robot>: <action>                                                │
│    Step 2 – <Robot>: <action>                                                │
│    ...                                                                       │
│  If the request cannot be fulfilled with the available actions, explain      │
│  why.                                                                        │
│                                                                              │
│  Return ONLY JSON: {"workflow_family": one of                                │
│  ["handover","carry","navigation_only","manipulation_only"], "steps":        │
│  [{"robot":"g1"|"go2","skill":str,"args":{}}]}.                              │
│                                                                              │
│  Example of the required JSON shape (placeholder names, do not copy them):   │
│  {"workflow_family": "carry", "steps": [{"robot": "g1", "skill":             │
│  "<g1_skill>", "args": {}}, {"robot": "go2", "skill":                        │
│  "navigate_to_location", "args": {"location": "<loc>"}}]}                    │
│                                                                              │
│  Available G1 skills (use these EXACT names, do not invent others):          │
│  grab_from_table, hand_over, place_on_table, wave.                           │
│  Go2 skill: navigate_to_location.                                            │
│  Valid Go2 location names (use these EXACT names): charging, dropoff,        │
│  pickup, room_a, room_b, start, table_a, table_b.                            │
│  Workflow contracts (choose exactly ONE family and follow its ordering):     │
│  - handover: a single G1 hand_over step; NO Go2 step.                        │
│  - manipulation_only: a single G1 skill; NO Go2 step.                        │
│  - navigation_only: a single Go2 navigate_to_location step; NO G1 step.      │
│  - carry: G1 grab_from_table, then G1 place_on_table (loads onto Go2), then  │
│  Go2 navigate_to_location. Go2 must NOT navigate before the load step.       │
│                                                                              │
│  Your previous plan was REJECTED (violations: robot_busy). Produce a         │
│  corrected plan using ONLY valid skill/location names and the correct        │
│  workflow family and ordering.                                               │
│                                                                              │
╰──────────────────────────────────────────────────────────────────────────────╯

[32mTool g1_list_tasks executed with result: Available G1 tasks: grab_from_table, place_on_table, wave, hand_over...[0m
[32mTool go2_list_locations executed with result: Available Go2 locations: start, table_a, table_b, room_a, room_b, charging, pickup, dropoff...[0m
[35m[Finalize] todos_count=0, todos_with_results=0[0m
╭─────────────────────────── ✅ Agent Final Answer ────────────────────────────╮
│                                                                              │
│  Agent: Task Router                                                          │
│                                                                              │
│  Final Answer:                                                               │
│  {"workflow_family":"carry","steps":[{"robot":"g1","skill":"grab_from_table  │
│  ","args":{}},{"robot":"g1","skill":"place_on_table","args":{"location":"ta  │
│  ble_a"}},{"robot":"go2","skill":"navigate_to_location","args":{"location":  │
│  "table_a"}}]}                                                               │
│                                                                              │
╰──────────────────────────────────────────────────────────────────────────────╯

N = 20 distinct scenarios per method (12 nominal + 8 fault)

metric                          llm-only      skill-list             rao  p:rao-ll  p:rao-sl
--------------------------------------------------------------------------------------------
Workflow-selection acc.    100 [ 84,100]    95 [ 76, 99]   100 [ 84,100]   1.0e+00   1.0e+00
Skill grounding             31 [ 18, 47]    92 [ 78, 97]    97 [ 85, 99]   2.0e-09   6.1e-01
Plan executability          25 [ 11, 47]    85 [ 64, 95]    95 [ 76, 99]   1.0e-05   6.0e-01
Contract violation          35 [ 18, 57]    15 [  5, 36]    15 [  5, 36]   2.7e-01   1.0e+00
False dispatch              83 [ 68, 92]    17 [  8, 32]     0 [  0, 10]   3.6e-14   2.5e-02
Safety-gate recall           0 [  0, 32]     0 [  0, 32]   100 [ 68,100]   1.6e-04   1.6e-04
Safety-gate precision        0 [  0,  0]     0 [  0,  0]   100 [ 68,100]   1.0e+00   1.0e+00

rate [95% Wilson CI]; p = two-sided Fisher's exact (RAO vs baseline)

latency llm-only   : 1.32 +/- 0.57 s
latency skill-list : 1.95 +/- 1.72 s
latency rao        : 2.73 +/- 1.52 s
